flow	key	kind	english	czech_current	czech_native
00 · Brand	tagline	string	Neighborly marketplace — every home is a business cell.	Sousedský trh — každý dům je obchodní buňka.	
00 · Brand	taglineShort	string	Neighborly marketplace.	Sousedský trh.	
00 · Brand / mode switch	modes.earn	string	My Garage	Moje garáž	
00 · Brand / mode switch	modes.rent	string	Browse	Procházet	
01 · Shared UI	common.back	string	Back	Zpět	
01 · Shared UI	common.cancel	string	Cancel	Zrušit	
01 · Shared UI	common.close	string	Close	Zavřít	
01 · Shared UI	common.continue	string	Continue →	Pokračovat →	
01 · Shared UI	common.edit	string	Edit	Upravit	
01 · Shared UI	common.loading	string	Loading…	Načítání…	
01 · Shared UI	common.next	string	Next	Další	
01 · Shared UI	common.save	string	Save	Uložit	
01 · Shared UI	common.send	string	Send	Odeslat	
01 · Shared UI	common.signIn	string	Sign in	Přihlásit se	
01 · Shared UI	common.skip	string	Skip	Přeskočit	
01 · Shared UI · bottom nav	nav.garage	string	Garage	Garáž	
01 · Shared UI · bottom nav	nav.home	string	Home	Domů	
01 · Shared UI · bottom nav	nav.more	string	Account	Účet	
01 · Shared UI · bottom nav	nav.stock	string	Stock	Přidat	
01 · Shared UI · location	geo.errors.denied	string	Location access is blocked for this site. After moving to app.evorios.com you may need to allow location again in browser or iOS Settings, or enter your ZIP manually.	Přístup k poloze je pro tento web zablokovaný. Po přesunu na app.evorios.com možná budete muset polohu znovu povolit v prohlížeči nebo v nastavení iOS, nebo zadejte PSČ ručně.	
01 · Shared UI · location	geo.errors.timeout	string	Location timed out. Check GPS/Wi‑Fi or enter your ZIP or city manually.	Vypršel čas na zjištění polohy. Zkontrolujte GPS/Wi‑Fi nebo zadejte PSČ či město ručně.	
01 · Shared UI · location	geo.errors.unavailable	string	Location is temporarily unavailable. Enter your ZIP or city manually.	Poloha je dočasně nedostupná. Zadejte PSČ nebo město ručně.	
01 · Shared UI · location	geo.errors.unknown	string	We couldn't detect your location. Enter your ZIP or city manually.	Polohu se nepodařilo zjistit. Zadejte PSČ nebo město ručně.	
01 · Shared UI · location	geo.errors.unsupported	string	Open the app via https:// (not http://), or enter your ZIP or city manually.	Otevřete aplikaci přes https:// (ne http://), nebo zadejte PSČ či město ručně.	
01 · Shared UI · location	geo.yourArea	string	Your area	Vaše okolí	
01 · Shared UI · system	systemUi.browseYardSales	string	Browse yard sales	Procházet výprodeje	
01 · Shared UI · system	systemUi.errorBody	string	Please reload. If it keeps happening, email support@evorios.com.	Znovu načtěte stránku. Pokud to trvá, napište na support@evorios.com.	
01 · Shared UI · system	systemUi.errorTitle	string	Something went wrong	Něco se pokazilo	
01 · Shared UI · system	systemUi.garageMissingBody()	fn	This garage link may be outdated or the host removed their showcase. Browse other yard sales on {{1}}.	Tento odkaz na garáž může být zastaralý, nebo hostitel vitrínu odstranil. Procházejte jiné výprodeje na {{1}}.	
01 · Shared UI · system	systemUi.garageMissingTitle	string	Garage not found	Garáž nenalezena	
01 · Shared UI · system	systemUi.goBack	string	Go back	Zpět	
01 · Shared UI · system	systemUi.offlineBody()	fn	{{1}} needs a connection. Check Wi‑Fi or mobile data and try again.	{{1}} potřebuje připojení. Zkontrolujte Wi‑Fi nebo mobilní data a zkuste to znovu.	
01 · Shared UI · system	systemUi.offlineTitle	string	You're offline	Jste offline	
01 · Shared UI · system	systemUi.reloadApp	string	Reload app	Znovu načíst aplikaci	
01 · Shared UI · system	systemUi.resetConfirm	string	Reset all app data? Onboarding, profile, listings, and rentals will be cleared.	Resetovat všechna data aplikace? Onboarding, profil, nabídky i půjčky budou vymazány.	
01 · Shared UI · system	systemUi.resetLocalData	string	Reset local data & reload	Resetovat místní data a znovu načíst	
01 · Shared UI · system	systemUi.setupSupportAfter	string	.	.	
01 · Shared UI · system	systemUi.setupSupportBefore	string	If this keeps happening, email 	Pokud to trvá, napište na 	
01 · Shared UI · system	systemUi.setupTitle	string	We'll be right back	Hned jsme zpět	
01 · Shared UI · system	systemUi.tryAgain	string	Try again	Zkusit znovu	
02 · Splash	splash.chipBlock	string	On the block	Na bloku	
02 · Splash	splash.chipGarage	string	Your storefront	Vaše výloha	
03 · Onboarding	onboarding.allSet.exploreCta	string	Go to Home →	Přejít Domů →	
03 · Onboarding	onboarding.allSet.stockGarageCta	string	Open My Garage →	Otevřít Moji garáž →	
03 · Onboarding	onboarding.allSet.subtitle	string	My Garage is your storefront toolkit. Home is how you browse the block.	Moje garáž je toolkit výlohy. Domů je procházení bloku.	
03 · Onboarding	onboarding.allSet.title	string	You're all set!	Hotovo!	
03 · Onboarding	onboarding.browseHub.categoriesHint	string	Tools, garden plants, party gear, and more.	Nářadí, zahrada, párty a další.	
03 · Onboarding	onboarding.browseHub.categoriesTitle	string	Browse by category	Podle kategorie	
03 · Onboarding	onboarding.browseHub.findGear.cta	string	Open feed →	Otevřít feed →	
03 · Onboarding	onboarding.browseHub.findGear.subtitle	string	Items and garages near you	Věci a garáže poblíž vás	
03 · Onboarding	onboarding.browseHub.findGear.title	string	Browse the block	Procházet blok	
03 · Onboarding	onboarding.browseHub.footer	string	Stock and manage from + or My Garage.	Vystavujte a spravujte přes + nebo Moje garáž.	
03 · Onboarding	onboarding.browseHub.subtitle	string	Browse neighbors or run a sale.	Procházejte sousedy nebo spusťte výprodej.	
03 · Onboarding	onboarding.browseHub.title	string	Your block	Váš blok	
03 · Onboarding	onboarding.browseHub.trustDeposit	string	Deposit held	Záloha držena	
03 · Onboarding	onboarding.browseHub.trustModes	string	Rent · Sell · Gift	Půjčit · Prodat · Darovat	
03 · Onboarding	onboarding.browseHub.trustVerified	string	Verified hosts	Ověření hostitelé	
03 · Onboarding	onboarding.browseHub.yardSales.cta	string	Open sales →	Otevřít výprodeje →	
03 · Onboarding	onboarding.browseHub.yardSales.subtitle	string	Snap sales and auctions on your block	Výprodeje a aukce na vašem bloku	
03 · Onboarding	onboarding.browseHub.yardSales.title	string	Yard & garage sales	Garážové výprodeje	
03 · Onboarding	onboarding.firstHello.bubbles[0]	string	Hi — I'm {mascot}. Welcome to the block.	Ahoj — jsem {mascot}. Vítejte na bloku.	
03 · Onboarding	onboarding.firstHello.bubbles[1]	string	Every home is a business cell — your garage is the storefront.	Každý dům je obchodní buňka — garáž je výloha.	
03 · Onboarding	onboarding.firstHello.bubbles[2]	string	Browse neighbors on Home, or run your cell from My Garage.	Sousedy procházejte Domů, buňku veďte z Moje garáž.	
03 · Onboarding	onboarding.firstHello.cta	string	Let's go →	Jdeme na to →	
03 · Onboarding	onboarding.firstHello.skipHint	string	Tap to skip intro	Klepnutím přeskočíte úvod	
03 · Onboarding	onboarding.location.onBlock.cta	string	Browse near me →	Hledat poblíž →	
03 · Onboarding	onboarding.location.onBlock.subtitle	string	Use GPS or your street address — sort by distance from home.	Použijte GPS nebo adresu — řazení podle vzdálenosti od domova.	
03 · Onboarding	onboarding.location.onBlock.title	string	I'm on my block	Jsem na svém bloku	
03 · Onboarding	onboarding.location.subtitle	string	We show garages and shelves near you.	Ukážeme garáže a police poblíž vás.	
03 · Onboarding	onboarding.location.title	string	Where's your block?	Kde je váš blok?	
03 · Onboarding	onboarding.location.trip.cta	string	Choose destination →	Vybrat destinaci →	
03 · Onboarding	onboarding.location.trip.subtitle	string	Pick a city or neighborhood before you arrive.	Vyberte město nebo čtvrť, kam jedete.	
03 · Onboarding	onboarding.location.trip.title	string	I'm visiting another area	Jsem v jiné oblasti	
03 · Onboarding	onboarding.productIntro.body	string	Each home is a business cell. Rent, sell, or gift from one garage storefront — no separate shop for every item.	Každý dům je obchodní buňka. Půjčujte, prodávejte nebo darujte z jedné garážové výlohy — bez samostatného obchodu pro každou věc.	
03 · Onboarding	onboarding.productIntro.catalogHint	string	Tap any category to open subcategories — tools, garden plants, cameras, party gear, and more.	Klepněte na kategorii a otevřete podkategorie — nářadí, rostliny, foťáky, párty a další.	
03 · Onboarding	onboarding.productIntro.catalogTitle	string	What neighbors share	Co sousedé sdílejí	
03 · Onboarding	onboarding.productIntro.continueCta	string	Continue →	Pokračovat →	
03 · Onboarding	onboarding.productIntro.eyebrow	string	Evorios	Evorios	
03 · Onboarding	onboarding.productIntro.gift	string	Gift	Darovat	
03 · Onboarding	onboarding.productIntro.giftHint	string	Pass along free	Předat zdarma	
03 · Onboarding	onboarding.productIntro.nextHint	string	Next: open your storefront, or browse the block.	Pak: otevřít výlohu, nebo procházet blok.	
03 · Onboarding	onboarding.productIntro.rent	string	Rent	Půjčit	
03 · Onboarding	onboarding.productIntro.rentHint	string	Borrow & earn	Půjčit i vydělat	
03 · Onboarding	onboarding.productIntro.sell	string	Sell	Prodat	
03 · Onboarding	onboarding.productIntro.sellHint	string	Buy nearby	Koupit poblíž	
03 · Onboarding	onboarding.productIntro.title	string	Your garage storefront	Vaše garážová výloha	
03 · Onboarding	onboarding.roleChoice.browseBlock.cta	string	Choose where to browse →	Vybrat, kde hledat →	
03 · Onboarding	onboarding.roleChoice.browseBlock.subtitle	string	Find gear, tools, and deals in neighbor garages.	Najděte vybavení, nářadí a nabídky u sousedů.	
03 · Onboarding	onboarding.roleChoice.browseBlock.title	string	Browse the block	Procházet blok	
03 · Onboarding	onboarding.roleChoice.footer	string	Switch between My Garage and Browse anytime.	Mezi Moje garáž a Procházet můžete přepínat kdykoli.	
03 · Onboarding	onboarding.roleChoice.stockGarage.cta	string	Start now →	Začít teď →	
03 · Onboarding	onboarding.roleChoice.stockGarage.subtitle	string	List, price, and share from your garage storefront.	Vystavujte, oceňujte a sdílejte z garážové výlohy.	
03 · Onboarding	onboarding.roleChoice.stockGarage.title	string	Open my business	Otevřít můj byznys	
03 · Onboarding	onboarding.roleChoice.subtitle	string	Run a storefront, or browse the block.	Provozujte výlohu, nebo procházejte blok.	
03 · Onboarding	onboarding.roleChoice.title	string	How do you want to start?	Jak chcete začít?	
03 · Onboarding	onboarding.tripDestination.ctaDefault	string	Continue →	Pokračovat →	
03 · Onboarding	onboarding.tripDestination.ctaWithCity()	fn	Browse garages near {{1}} →	Procházet garáže u {{1}} →	
03 · Onboarding	onboarding.tripDestination.subtitle	string	City or neighborhood where you'll pick up from a garage	Město nebo čtvrť, kde si vyzvednete věci z garáže	
03 · Onboarding	onboarding.tripDestination.title	string	Where are you headed?	Kam míříte?	
04 · Sign in / OTP	auth.agreePrefix	string	By continuing you agree to the	Pokračováním souhlasíte s	
04 · Sign in / OTP	auth.and	string	and	a	
04 · Sign in / OTP	auth.areaEmptyHint	string	Postal code or city in your country	PSČ nebo město ve vaší zemi	
04 · Sign in / OTP	auth.areaLabel	string	Your area	Vaše oblast	
04 · Sign in / OTP	auth.areaPlaceholder	string	Postal code or city	PSČ nebo město	
04 · Sign in / OTP	auth.checking	string	Checking code…	Kontroluji kód…	
04 · Sign in / OTP	auth.closeAria	string	Close sign-in	Zavřít přihlášení	
04 · Sign in / OTP	auth.codeMissingTitle	string	No code yet?	Kód ještě nedorazil?	
04 · Sign in / OTP	auth.codeSent	string	Code sent	Kód odeslán	
04 · Sign in / OTP	auth.codeWaitBody	string	Check Spam / Promotions, and double-check your email spelling (e.g. gmail, not gmal). Then resend or edit details.	Zkontrolujte Spam / Propagaci a správnost e-mailu (např. gmail, ne gmal). Pak pošlete znovu nebo upravte údaje.	
04 · Sign in / OTP	auth.codeWaitTitle()	fn	Code on the way — {{1}}s	Kód je na cestě — {{1}}s	
04 · Sign in / OTP	auth.confirmSubtitle()	fn	Check {{1}} for a message from undefined and paste your undefined code below.	Zkontrolujte {{1}} — zpráva od undefined — a vložte níže svůj undefined kód.	
04 · Sign in / OTP	auth.confirmTitle	string	Enter your sign-in code	Zadejte přihlašovací kód	
04 · Sign in / OTP	auth.detecting	string	Detecting…	Zjišťuji…	
04 · Sign in / OTP	auth.didYouMeanEmail()	fn	Did you mean {{1}}?	Mysleli jste {{1}}?	
04 · Sign in / OTP	auth.editDetails	string	Edit details	Upravit údaje	
04 · Sign in / OTP	auth.emailInvalid	string	Enter a valid email address.	Zadejte platnou e-mailovou adresu.	
04 · Sign in / OTP	auth.emailLabel	string	Email	E-mail	
04 · Sign in / OTP	auth.emailPlaceholder	string	you@example.com	vy@example.com	
04 · Sign in / OTP	auth.emptyValue	string	—	—	
04 · Sign in / OTP	auth.freeToJoin	string	Free to join · No credit card	Zdarma · Bez kreditní karty	
04 · Sign in / OTP	auth.intentBookRentano()	fn	{{1}}: Booking needs an account. Enter the code from your email and you're in.	{{1}}: Rezervace potřebuje účet. Zadejte kód z e-mailu a jste uvnitř.	
04 · Sign in / OTP	auth.intentBookSubtitle	string	Add your details — we'll email a sign-in code so hosts can reach you.	Doplňte údaje — pošleme e-mailem přihlašovací kód, aby vás hostitelé mohli kontaktovat.	
04 · Sign in / OTP	auth.intentGenericRentano()	fn	{{1}}: One account for your garage, bookings, and chat.	{{1}}: Jeden účet pro garáž, rezervace a chat.	
04 · Sign in / OTP	auth.intentGenericSubtitle	string	New or returning — enter your details and we'll email a sign-in code.	Nový nebo vracející se — zadejte údaje a pošleme e-mailem přihlašovací kód.	
04 · Sign in / OTP	auth.intentListRentano	string	Draft saved. Sign in first — you can connect payouts later when you're ready.	Koncept uložen. Nejdřív se přihlaste — výplaty můžete nastavit později, až budete chtít.	
04 · Sign in / OTP	auth.intentListSubtitle	string	Add your details — we'll email a sign-in code so your draft stays with you.	Doplňte údaje — pošleme e-mailem přihlašovací kód, ať koncept zůstane u vás.	
04 · Sign in / OTP	auth.intentMessageRentano()	fn	{{1}}: Messaging is for members — enter the code from your email to continue.	{{1}}: Zprávy jsou pro členy — zadejte kód z e-mailu a pokračujte.	
04 · Sign in / OTP	auth.intentMessageSubtitle	string	Add your details — we'll email a sign-in code to unlock messaging.	Doplňte údaje — pošleme e-mailem přihlašovací kód pro odemčení zpráv.	
04 · Sign in / OTP	auth.intentTitle	string	Sign in or create account	Přihlásit se nebo vytvořit účet	
04 · Sign in / OTP	auth.locationRequired	string	Pick your area — auto-detect or search by ZIP or city.	Vyberte oblast — automaticky nebo hledáním podle PSČ či města.	
04 · Sign in / OTP	auth.nameLabel	string	Your name	Vaše jméno	
04 · Sign in / OTP	auth.namePlaceholder	string	How neighbors will see you	Jak vás uvidí sousedé	
04 · Sign in / OTP	auth.nameRequired	string	Enter your name.	Zadejte své jméno.	
04 · Sign in / OTP	auth.newCodeIn()	fn	New code in {{1}}s	Nový kód za {{1}}s	
04 · Sign in / OTP	auth.otpLabel	string	Sign-in code	Přihlašovací kód	
04 · Sign in / OTP	auth.otpPlaceholder	string	Your code	Váš kód	
04 · Sign in / OTP	auth.phoneLabel	string	Phone	Telefon	
04 · Sign in / OTP	auth.phoneOptional	string	(optional)	(volitelné)	
04 · Sign in / OTP	auth.phonePlaceholder	string	(555) 123-4567	(555) 123-4567	
04 · Sign in / OTP	auth.privacy	string	Privacy Policy	Zásadami ochrany soukromí	
04 · Sign in / OTP	auth.rateLimit	string	Too many emails requested. Please wait about 15 minutes, then try again.	Příliš mnoho e-mailů. Počkejte asi 15 minut a zkuste to znovu.	
04 · Sign in / OTP	auth.resendIn()	fn	Resend in {{1}}s	Znovu za {{1}}s	
04 · Sign in / OTP	auth.sendCode	string	Send sign-in code	Poslat přihlašovací kód	
04 · Sign in / OTP	auth.sending	string	Sending…	Odesílám…	
04 · Sign in / OTP	auth.sendNewCode	string	Send a new code	Poslat nový kód	
04 · Sign in / OTP	auth.spamHint	string	Check spam or promotions if the code doesn't arrive within a minute.	Pokud kód nedorazí do minuty, zkontrolujte spam nebo propagaci.	
04 · Sign in / OTP	auth.summaryArea	string	Area	Oblast	
04 · Sign in / OTP	auth.summaryEmail	string	Email	E-mail	
04 · Sign in / OTP	auth.summaryName	string	Name	Jméno	
04 · Sign in / OTP	auth.summaryPhone	string	Phone	Telefon	
04 · Sign in / OTP	auth.supabaseMissing	string	Supabase env vars are missing — sign-in is unavailable in this build.	Chybí proměnné prostředí Supabase — přihlášení v tomto sestavení není k dispozici.	
04 · Sign in / OTP	auth.terms	string	Terms	Podmínkami	
04 · Sign in / OTP	auth.useMyLocation	string	Use my location	Použít moji polohu	
04 · Sign in / OTP	auth.useSuggestedEmail	string	Use this address	Použít tuto adresu	
04 · Sign in / OTP	auth.verify	string	Confirm and sign in	Potvrdit a přihlásit se	
04 · Sign in / OTP	auth.wrongDetailsHint	string	Wrong name or email? Tap Edit details, fix it, and send a new code.	Špatné jméno nebo e-mail? Klepněte na Upravit údaje, opravte je a pošlete nový kód.	
04 · Sign in / passkey	passkey.body	string	Use Face ID, Touch ID, or your device passcode next time — no email code needed.	Příště použijte Face ID, Touch ID nebo kód zařízení — bez e-mailového kódu.	
04 · Sign in / passkey	passkey.enableBusy	string	Opening Face ID…	Otevírám Face ID…	
04 · Sign in / passkey	passkey.enableCta	string	Enable Face ID	Zapnout Face ID	
04 · Sign in / passkey	passkey.enablePreparing	string	Preparing Face ID…	Připravuji Face ID…	
04 · Sign in / passkey	passkey.errors.alreadyEnabled	string	Face ID is already enabled on this device. Try signing in with Face ID, or sign in with email.	Face ID je na tomto zařízení už zapnuté. Zkuste se přihlásit Face ID, nebo e-mailem.	
04 · Sign in / passkey	passkey.errors.blockedBrowser	string	Face ID was blocked. Use Safari on iPhone (not a private tab), or sign in with email.	Face ID bylo zablokováno. Použijte Safari na iPhonu (ne soukromou záložku), nebo se přihlaste e-mailem.	
04 · Sign in / passkey	passkey.errors.blockedPwa	string	Face ID was blocked for the installed app. Check Settings → Face ID & Passcodes, then try again.	Face ID bylo pro nainstalovanou aplikaci zablokováno. Zkontrolujte Nastavení → Face ID a kódy a zkuste znovu.	
04 · Sign in / passkey	passkey.errors.cancelled	string	Face ID was cancelled. Try again when you’re ready.	Face ID bylo zrušeno. Zkuste to znovu, až budete připraveni.	
04 · Sign in / passkey	passkey.errors.challengeExpired	string	This Face ID attempt expired. Please try again.	Tento pokus o Face ID vypršel. Zkuste to znovu.	
04 · Sign in / passkey	passkey.errors.domainGeneric	string	Face ID is not set up for this address. Open the same app icon or Safari tab you used when you enabled Face ID.	Face ID není pro tuto adresu nastaveno. Otevřete stejnou ikonu aplikace nebo záložku Safari jako při zapnutí Face ID.	
04 · Sign in / passkey	passkey.errors.domainIosPwa	string	Face ID does not match this installed app. Sign in with email once, then tap Enable Face ID again from this Home Screen icon.	Face ID neodpovídá této nainstalované aplikaci. Jednou se přihlaste e-mailem a znovu klepněte na Zapnout Face ID z této ikony na ploše.	
04 · Sign in / passkey	passkey.errors.domainIosSafari	string	Face ID was set up in a different place (Safari tab vs Home Screen app). Sign in with email, then enable Face ID from the same place you use daily.	Face ID bylo nastaveno jinde (záložka Safari vs. aplikace na ploše). Přihlaste se e-mailem a zapněte Face ID na stejném místě, které používáte denně.	
04 · Sign in / passkey	passkey.errors.generic	string	Face ID could not be completed. Try again or sign in with email.	Face ID se nepodařilo dokončit. Zkuste to znovu nebo se přihlaste e-mailem.	
04 · Sign in / passkey	passkey.errors.hostNote()	fn	 Use {{1}} (not a preview link).	 Použijte {{1}} (ne náhledový odkaz).	
04 · Sign in / passkey	passkey.errors.network	string	Cannot reach the sign-in service. Check your connection and try again.	Nelze se spojit s přihlašovací službou. Zkontrolujte připojení a zkuste znovu.	
04 · Sign in / passkey	passkey.errors.noPasskey	string	No Face ID passkey for this account. Sign in with email, then enable Face ID when prompted.	Pro tento účet není Face ID passkey. Přihlaste se e-mailem a zapněte Face ID, až budete vyzváni.	
04 · Sign in / passkey	passkey.errors.notConfigured	string	Face ID is not available right now. Sign in with email instead.	Face ID teď není k dispozici. Přihlaste se e-mailem.	
04 · Sign in / passkey	passkey.errors.serverUnavailable	string	Sign-in service is temporarily unavailable. Use email sign-in, or try again in a few minutes.	Přihlašovací služba je dočasně nedostupná. Použijte e-mail, nebo to zkuste za pár minut.	
04 · Sign in / passkey	passkey.errors.unsupported	string	This browser does not support Face ID passkeys. Use Safari on iPhone, or sign in with email.	Tento prohlížeč nepodporuje Face ID passkey. Použijte Safari na iPhonu, nebo se přihlaste e-mailem.	
04 · Sign in / passkey	passkey.errors.verificationFailed	string	Face ID verification failed. Sign in with email once, then enable Face ID again (especially if you changed devices or reinstalled the app).	Ověření Face ID selhalo. Jednou se přihlaste e-mailem a znovu zapněte Face ID (zejména po změně zařízení nebo přeinstalaci).	
04 · Sign in / passkey	passkey.hintIosPwa	string	Using the app from your Home Screen. Face ID must have been enabled on this same app icon.	Používáte aplikaci z plochy. Face ID muselo být zapnuto u stejné ikony.	
04 · Sign in / passkey	passkey.hintIosSafari	string	Using Safari. To use the installed app later, enable Face ID again from that icon.	Používáte Safari. Pro nainstalovanou aplikaci později zapněte Face ID znovu z té ikony.	
04 · Sign in / passkey	passkey.hintPreview()	fn	Passkeys work best at {{1}} — preview URLs may not match Face ID.	Passkey fungují nejlépe na {{1}} — náhledové URL nemusí odpovídat Face ID.	
04 · Sign in / passkey	passkey.hintPwa	string	Using the installed app. Face ID is tied to this app icon, not a browser tab.	Používáte nainstalovanou aplikaci. Face ID je vázané na tuto ikonu, ne na záložku prohlížeče.	
04 · Sign in / passkey	passkey.maybeLater	string	Maybe later	Možná později	
04 · Sign in / passkey	passkey.title	string	Enable Face ID for faster login?	Zapnout Face ID pro rychlejší přihlášení?	
04 · Sign in prompt	signInPrompt.cta	string	Sign in / Create account	Přihlásit se / Vytvořit účet	
05 · Install / PWA	install.addedContinue	string	I’ve added it — continue	Přidal(a) jsem — pokračovat	
05 · Install / PWA	install.almostThereAlert()	fn	"Almost there!
Open the {{1}} icon on your Home Screen (not this browser tab)."	"Skoro hotovo!
Otevřete ikonu {{1}} na ploše (ne tuto záložku prohlížeče)."	
05 · Install / PWA	install.androidAfter()	fn	Open the {{1}} icon from your Home Screen. Updates install overnight.	Otevřete ikonu {{1}} z plochy. Aktualizace se nainstalují přes noc.	
05 · Install / PWA	install.androidInstallReady	string	Tap Install below — one tap, no store download.	Klepněte níže na Instalovat — jedno klepnutí, bez obchodu.	
05 · Install / PWA	install.androidInstallStep	string	Tap Install app or Add to Home screen	Klepněte na Instalovat aplikaci nebo Přidat na plochu	
05 · Install / PWA	install.androidMenuStep	string	Open the browser menu ⋮	Otevřete nabídku prohlížeče ⋮	
05 · Install / PWA	install.body()	fn	{{1}} becomes undefined on your Home Screen. Use Safari’s Share button below — the cards are only a guide.	{{1}} se na ploše zobrazí jako undefined. Použijte tlačítko Sdílet v Safari níže — karty jsou jen návod.	
05 · Install / PWA	install.eyebrow	string	No App Store download	Bez stahování z App Store	
05 · Install / PWA	install.installApp()	fn	Install {{1}}	Nainstalovat {{1}}	
05 · Install / PWA	install.iosAddButton	string	Add	Přidat	
05 · Install / PWA	install.iosAfterAdd()	fn	After Add, Safari closes and the {{1}} icon appears on your Home Screen. Open it anytime — updates install overnight.	Po Přidat Safari zavře a na ploše se objeví ikona {{1}}. Otevřete ji kdykoli — aktualizace se nainstalují přes noc.	
05 · Install / PWA	install.iosStep1Hint	string	Center of the bottom bar	Uprostřed spodní lišty	
05 · Install / PWA	install.iosStep1Title	string	Square with arrow	Čtverec se šipkou	
05 · Install / PWA	install.iosStep2Hint	string	Scroll the Share menu, then tap it	Posuňte nabídku Sdílet a klepněte	
05 · Install / PWA	install.iosStep2Title	string	View More	Zobrazit více	
05 · Install / PWA	install.iosStep3Hint	string	Square with a plus	Čtverec s plusem	
05 · Install / PWA	install.iosStep3Title	string	Add to Home Screen	Přidat na plochu	
05 · Install / PWA	install.iosStep4Hint()	fn	Keep “{{1}}” as the name (or edit it)	Ponechte „{{1}}“ jako název (nebo upravte)	
05 · Install / PWA	install.iosStep4Title	string	Add	Přidat	
05 · Install / PWA	install.liveNow	string	Now	Teď	
05 · Install / PWA	install.livePaused	string	Paused — tap to play	Pozastaveno — klepněte pro přehrání	
05 · Install / PWA	install.livePlaying	string	Playing guide…	Přehrávám návod…	
05 · Install / PWA	install.liveTapReplay	string	Tap to replay this step	Klepněte pro zopakování kroku	
05 · Install / PWA	install.liveThen	string	Then	Pak	
05 · Install / PWA	install.nudgeBody	string	Tap Share in Safari — center of the bottom bar	Klepněte na Sdílet v Safari — uprostřed spodní lišty	
05 · Install / PWA	install.nudgeShareLabel	string	Share	Sdílet	
05 · Install / PWA	install.nudgeTitle	string	Do this now	Udělejte teď	
05 · Install / PWA	install.stepCoachLater	string	After Share opens, look for this next	Až se otevře Sdílet, hledejte toto	
05 · Install / PWA	install.stepCoachShare	string	Start with Safari Share below ↓ — this card is only a preview	Začněte tlačítkem Sdílet v Safari níže ↓ — tato karta je jen náhled	
05 · Install / PWA	install.stepsGuideLabel	string	Guide (not buttons) — then do this in Safari	Návod (ne tlačítka) — pak to udělejte v Safari	
05 · Install / PWA	install.stepTapAria()	fn	Guide step {{1}}. Tip: use Safari Share below.	Krok návodu {{1}}. Tip: použijte Sdílet v Safari níže.	
05 · Install / PWA	install.tapStepCoach	string	These cards are a guide — tap Share in Safari’s bottom bar ↓	Tyto karty jsou jen návod — klepněte na Sdílet ve spodní liště Safari ↓	
05 · Install / PWA	install.titleLine1	string	Install your	Nainstalujte si	
05 · Install / PWA	install.titleLine2	string	neighborhood marketplace	sousedský trh	
05 · Install / PWA	pwa.androidManual.addToHome	string	Add to Home screen	Přidat na plochu	
05 · Install / PWA	pwa.androidManual.after	string	 in the prompt.	 v dialogu.	
05 · Install / PWA	pwa.androidManual.beforeMenu	string	In Chrome: menu 	V Chrome: menu 	
05 · Install / PWA	pwa.androidManual.installApp	string	Install app	Nainstalovat aplikaci	
05 · Install / PWA	pwa.androidManual.lookFor	string	 — look for 	 — hledejte 	
05 · Install / PWA	pwa.androidManual.or	string	 or 	 nebo 	
05 · Install / PWA	pwa.androidManual.promptName	string	Neighborhood Marketplace	Neighborhood Marketplace	
05 · Install / PWA	pwa.androidReady()	fn	One tap install — shows as {{1}}, full screen, no browser bar.	Instalace jedním klepnutím — jako {{1}}, na celou obrazovku, bez lišty prohlížeče.	
05 · Install / PWA	pwa.bannerAndroidManualBefore	string	In Chrome: menu 	V Chrome: menu 	
05 · Install / PWA	pwa.bannerAndroidManualInstall	string	Install app	Nainstalovat aplikaci	
05 · Install / PWA	pwa.bannerAndroidManualLookFor	string	 — look for 	 — hledejte 	
05 · Install / PWA	pwa.bannerAndroidReady()	fn	 — {{1}}, rent · sell · gift on your block.	 — {{1}}, půjčit · prodat · darovat ve vašem bloku.	
05 · Install / PWA	pwa.bannerInstallsAs	string	Installs as 	Nainstaluje se jako 	
05 · Install / PWA	pwa.bannerIosAddToHome	string	Add to Home Screen	Přidat na plochu	
05 · Install / PWA	pwa.bannerIosAs	string	 as 	 jako 	
05 · Install / PWA	pwa.bannerIosBeforeShare	string	Tap 	Klepněte na 	
05 · Install / PWA	pwa.bannerIosMid	string	 in Safari → 	 v Safari → 	
05 · Install / PWA	pwa.bannerIosShare	string	Share	Sdílet	
05 · Install / PWA	pwa.bannerTitle	string	Add your neighborhood marketplace	Přidejte si sousedský trh	
05 · Install / PWA	pwa.dismissAria	string	Dismiss install tip	Zavřít tip k instalaci	
05 · Install / PWA	pwa.gotIt	string	Got it	Rozumím	
05 · Install / PWA	pwa.hintAndroidRequired	string	On Android use Chrome (or your default browser) to install.	Na Androidu použijte Chrome (nebo výchozí prohlížeč) k instalaci.	
05 · Install / PWA	pwa.hintCoachLine()	fn	Until the App Store / Play Store listing is ready, install {{1}} from your browser as undefined. Read the steps, then tap Understood.	Než bude výpis v App Store / Play Store, nainstalujte {{1}} z prohlížeče jako undefined. Přečtěte kroky a klepněte na Rozumím.	
05 · Install / PWA	pwa.hintContinue	string	Continue →	Pokračovat →	
05 · Install / PWA	pwa.hintCountdown()	fn	{{1}}s	{{1}}s	
05 · Install / PWA	pwa.hintRequiredLabel	string	Please read	Přečtěte si	
05 · Install / PWA	pwa.hintSafariRequired	string	On iPhone / iPad you must use Safari (not Chrome or Instagram’s browser).	Na iPhonu / iPadu použijte Safari (ne Chrome ani prohlížeč Instagramu).	
05 · Install / PWA	pwa.hintStepLabel()	fn	{{1}} / undefined	{{1}} / undefined	
05 · Install / PWA	pwa.hintToastTitle	string	Add Evorios to your Home Screen	Přidejte Evorios na plochu	
05 · Install / PWA	pwa.hintUnderstood	string	Understood	Rozumím	
05 · Install / PWA	pwa.hintUnderstoodNote	string	You can keep using the web app either way — Home Screen just makes it feel like a real app.	Webovou aplikaci můžete používat i tak — ikona na ploše ji jen víc přiblíží běžné aplikaci.	
05 · Install / PWA	pwa.homeScreenAfter	string	 (so it stands out among icons).	 (ať vynikne mezi ikonami).	
05 · Install / PWA	pwa.homeScreenBefore	string	Home Screen label: 	Název na ploše: 	
05 · Install / PWA	pwa.installShort()	fn	Install {{1}}	Nainstalovat {{1}}	
05 · Install / PWA	pwa.installUpdateBody	string	The app will restart once to load the latest version with new fixes and improvements.	Aplikace se jednou restartuje a načte nejnovější verzi s opravami a vylepšeními.	
05 · Install / PWA	pwa.installUpdateTitle	string	Install update?	Nainstalovat aktualizaci?	
05 · Install / PWA	pwa.iosNotSafari.after	string	 first.	.	
05 · Install / PWA	pwa.iosNotSafari.before	string	Not in Safari? Use 	Nejste v Safari? Nejdřív použijte 	
05 · Install / PWA	pwa.iosNotSafari.openInSafari	string	Open in Safari	Otevřít v Safari	
05 · Install / PWA	pwa.iosShareSteps.add	string	Add	Přidat	
05 · Install / PWA	pwa.iosShareSteps.addToHome	string	Add to Home Screen	Přidat na plochu	
05 · Install / PWA	pwa.iosShareSteps.beforeViewMore	string	Safari (bottom center): square with arrow → 	Safari (uprostřed dole): čtverec se šipkou → 	
05 · Install / PWA	pwa.iosShareSteps.keepName	string	. Keep the name 	. Ponechte název 	
05 · Install / PWA	pwa.iosShareSteps.mid	string	 → 	 → 	
05 · Install / PWA	pwa.iosShareSteps.orEdit	string	 (or edit it) → 	 (nebo upravte) → 	
05 · Install / PWA	pwa.iosShareSteps.viewMore	string	View More	Zobrazit více	
05 · Install / PWA	pwa.notNow	string	Not now	Teď ne	
05 · Install / PWA	pwa.platformAria	string	Platform	Platforma	
05 · Install / PWA	pwa.remindInDays()	fn	Remind in {{1}} days	Připomenout za {{1}} dní	
05 · Install / PWA	pwa.tagline()	fn	{{1}} — your neighborhood marketplace	{{1}} — váš sousedský trh	
05 · Install / PWA	pwa.tapToUpdate	string	Tap to update →	Klepnutím aktualizovat →	
05 · Install / PWA	pwa.tipHide	string	Hide	Skrýt	
05 · Install / PWA	pwa.tipInstallAfter	string	 on the Home Screen.	 na plochu.	
05 · Install / PWA	pwa.tipInstallBefore()	fn	Install {{1}} — your neighborhood marketplace — as 	Nainstalujte {{1}} — váš sousedský trh — jako 	
05 · Install / PWA	pwa.tipShow	string	Show	Zobrazit	
05 · Install / PWA	pwa.updateNow	string	Update now	Aktualizovat teď	
05 · Install / PWA	pwa.updateReadyBody	string	A new version is available. Tap to install and restart.	Je k dispozici nová verze. Klepněte pro instalaci a restart.	
05 · Install / PWA	pwa.updateReadyTitle	string	App update ready	Aktualizace připravena	
05 · Install / PWA	pwa.updating	string	Updating…	Aktualizuji…	
05 · Install / PWA	pwa.versionUpdatedBody()	fn	You’re on the latest {{1}}. Have a great day!	Máte nejnovější {{1}}. Hezký den!	
05 · Install / PWA	pwa.versionUpdatedTitle	string	Version updated	Verze aktualizována	
06 · Set your block	whereAreYouManual.browseNear()	fn	Browse rentals near {{1}} →	Procházet půjčky poblíž {{1}} →	
06 · Set your block	whereAreYouManual.continueCta	string	Continue →	Pokračovat →	
06 · Set your block	whereAreYouManual.defaultHint	string	Enter your postal code or city — we show rentals near you. Street address is optional.	Zadejte PSČ nebo město — ukážeme půjčky poblíž. Ulice je volitelná.	
06 · Set your block	whereAreYouManual.locating	string	Finding your location…	Hledám vaši polohu…	
06 · Set your block	whereAreYouManual.pickHint	string	Pick a postal code or city above, or tap Skip to browse first.	Vyberte PSČ nebo město výše, nebo klepněte na Přeskočit a nejdřív prohlížejte.	
06 · Set your block	whereAreYouManual.placeholder	string	Postal code or city	PSČ nebo město	
06 · Set your block	whereAreYouManual.title	string	Your area	Vaše oblast	
06 · Set your block	whereAreYouManual.useMyLocation	string	Use my current location	Použít aktuální polohu	
07 · Home / browse	home.allCategories	string	All categories	Všechny kategorie	
07 · Home / browse	home.backToBrowseAria	string	Back	Zpět	
07 · Home / browse	home.bookingsAria	string	Bookings	Rezervace	
07 · Home / browse	home.cantFind	string	Can't find what you need?	Nemůžete najít, co potřebujete?	
07 · Home / browse	home.cantFindBody	string	Post a request, sign in if asked, then share it like a listing.	Pošlete žádost, případně se přihlaste, a pak ji sdílejte jako nabídku.	
07 · Home / browse	home.categoryTitle	string	Category	Kategorie	
07 · Home / browse	home.changeBlockAria	string	Change block cluster	Změnit cluster bloku	
07 · Home / browse	home.clearFilters	string	Clear filters	Vymazat filtry	
07 · Home / browse	home.closeFiltersAria	string	Close filters	Zavřít filtry	
07 · Home / browse	home.closerMiles()	fn	Closer · {{1}}	Blíž · {{1}}	
07 · Home / browse	home.distanceHint	string	Closer block first — widen if the shelf is thin.	Nejdřív bližší blok — rozšiřte, pokud je police řídká.	
07 · Home / browse	home.distanceTitle	string	Distance	Vzdálenost	
07 · Home / browse	home.done	string	Show garages	Zobrazit garáže	
07 · Home / browse	home.emptyBlockBody	string	Be first to stock a garage, or post a request for what you need and share it.	Buďte první, kdo naplní garáž, nebo pošlete žádost o to, co potřebujete, a sdílejte ji.	
07 · Home / browse	home.emptyBlockTitle	string	No garages on this block yet	Na tomto bloku zatím žádné garáže	
07 · Home / browse	home.emptyFilteredBody()	fn	Nobody listed {{1}} nearby yet. Post a request and share it — neighbors can respond.	Nikdo zatím nevystavil {{1}} poblíž. Pošlete žádost a sdílejte ji — sousedé můžou reagovat.	
07 · Home / browse	home.emptyFilteredTitle	string	No matching garages	Žádné odpovídající garáže	
07 · Home / browse	home.fartherMiles()	fn	Farther · {{1}}	Dál · {{1}}	
07 · Home / browse	home.filters	string	Filters	Filtry	
07 · Home / browse	home.filtersAria	string	Price and distance filters	Filtry ceny a vzdálenosti	
07 · Home / browse	home.filtersTitle	string	Filters	Filtry	
07 · Home / browse	home.garagesNearYou	string	Garages near you	Garáže poblíž	
07 · Home / browse	home.loadingGarages	string	Loading garages…	Načítám garáže…	
07 · Home / browse	home.miles()	fn	{{1}} mi	{{1}} mi	
07 · Home / browse	home.modeAny	string	All	Vše	
07 · Home / browse	home.modeBuy	string	Buy	Koupit	
07 · Home / browse	home.modeRent	string	Rent	Půjčit	
07 · Home / browse	home.newGarageBadge	string	New	Nové	
07 · Home / browse	home.newGaragesHint	string	Opened in the last 2 weeks — say hi while they're fresh.	Otevřeno za poslední 2 týdny — pozdravte, dokud jsou čerstvé.	
07 · Home / browse	home.newGaragesTitle	string	New on your block	Nové ve vašem okolí	
07 · Home / browse	home.notificationsAria	string	Notifications	Oznámení	
07 · Home / browse	home.notificationsUpdateAria	string	Notifications — update available	Oznámení — je k dispozici aktualizace	
07 · Home / browse	home.postRequest	string	Post a request →	Poslat žádost →	
07 · Home / browse	home.postRequestShare	string	Post a request & share →	Poslat žádost a sdílet →	
07 · Home / browse	home.price25to75	string	$25–$75	$25–$75	
07 · Home / browse	home.price75plus	string	$75+	$75+	
07 · Home / browse	home.priceAny	string	Any price	Jakákoli cena	
07 · Home / browse	home.priceTitle	string	Price	Cena	
07 · Home / browse	home.priceUnder25	string	Under $25	Do $25	
07 · Home / browse	home.proGarageBadge	string	Pro	Pro	
07 · Home / browse	home.setBlock	string	Set your block	Nastavte svůj blok	
07 · Home / browse	home.setBlockAria	string	Set your block	Nastavit váš blok	
07 · Home / browse	home.stockGarage	string	Stock your garage →	Naplnit garáž →	
07 · Home / browse	home.withinMiles()	fn	within {{1}} mi	do {{1}} mi	
07 · Home / browse	home.yardSalesEntry	string	Yard & garage sales	Garážové výprodeje	
07 · Home / browse	home.yardSalesEntryAria	string	Open yard and garage sales	Otevřít garážové výprodeje	
07 · Home / browse	home.yardSalesEntryHint	string	Snap sales and auctions on your block	Výprodeje a aukce na vašem bloku	
08 · Listing detail	item.about	string	About this item	O této položce	
08 · Listing detail	item.addFavoriteAria	string	Add to favorites	Přidat do oblíbených	
08 · Listing detail	item.askOwner	string	Ask owner	Zeptat se majitele	
08 · Listing detail	item.availability	string	Availability	Dostupnost	
08 · Listing detail	item.bidInGarage	string	Bid in garage	Přihodit v garáži	
08 · Listing detail	item.blockedDates	string	Blocked dates	Blokovaná data	
08 · Listing detail	item.bookNow	string	Book Now	Rezervovat teď	
08 · Listing detail	item.bookWithRate()	fn	Book · ${{1}}/day	Rezervovat · ${{1}}/den	
08 · Listing detail	item.buyWithPrice()	fn	Buy · {{1}}	Koupit · {{1}}	
08 · Listing detail	item.checkAvailability	string	Check availability	Zkontrolovat dostupnost	
08 · Listing detail	item.closeAvailabilityAria	string	Close availability	Zavřít dostupnost	
08 · Listing detail	item.deliveryAvailable	string	Round-trip delivery available	Dostupné doručení tam i zpět	
08 · Listing detail	item.depositProtection	string	Deposit protection	Ochrana zálohy	
08 · Listing detail	item.depositProtectionOnRentals()	fn	{{1}} on rentals	{{1}} u půjček	
08 · Listing detail	item.freeArrangePickup	string	Free — arrange pickup	Zdarma — domluvte vyzvednutí	
08 · Listing detail	item.garageHost	string	Garage host	Hostitel garáže	
08 · Listing detail	item.giftHint	string	List as Sell with price $0 to give it away	Vystavte jako Prodej s cenou $0 a darujte	
08 · Listing detail	item.goBack	string	Go back	Zpět	
08 · Listing detail	item.heavyItem	string	Heavy item	Těžká položka	
08 · Listing detail	item.inAppSupport()	fn	In-app support via {{1}}	Podpora v aplikaci přes {{1}}	
08 · Listing detail	item.instructions	string	Instructions	Pokyny	
08 · Listing detail	item.listingFallback	string	Listing	Nabídka	
08 · Listing detail	item.loading	string	Loading item…	Načítám položku…	
08 · Listing detail	item.messageGiftHint	string	Message the owner to arrange a free pickup, or Share the listing link.	Napište majiteli a domluvte vyzvednutí zdarma, nebo sdílejte odkaz na nabídku.	
08 · Listing detail	item.messageRentHint	string	In-app chat with the owner opens once your booking is confirmed.	Chat v aplikaci s majitelem se otevře po potvrzení rezervace.	
08 · Listing detail	item.messageSellerAria	string	Message seller	Napsat prodejci	
08 · Listing detail	item.messageSellerTitle	string	Message the seller	Napsat prodejci	
08 · Listing detail	item.messageSellHint	string	Open Message for an in-app chat with the seller (they get a push if enabled).	Otevřete Zprávu pro chat v aplikaci s prodejcem (dostane push, pokud má zapnuto).	
08 · Listing detail	item.messagingOpensWithBooking	string	Messaging opens with a booking	Zprávy se otevřou s rezervací	
08 · Listing detail	item.newOnTheBlock	string	New on the block	Novinka na bloku	
08 · Listing detail	item.noBlockedDates	string	No blocked dates listed.	Žádná blokovaná data.	
08 · Listing detail	item.notAvailable	string	Not available right now	Momentálně nedostupné	
08 · Listing detail	item.notFound	string	Item not found	Položka nenalezena	
08 · Listing detail	item.paused	string	This listing is paused	Tato nabídka je pozastavena	
08 · Listing detail	item.pausedAvailabilityBanner	string	This listing is paused — the owner is not accepting new bookings right now.	Tato nabídka je pozastavena — majitel teď nepřijímá nové rezervace.	
08 · Listing detail	item.pausedShort	string	Paused — not available right now.	Pozastaveno — momentálně nedostupné.	
08 · Listing detail	item.perDay	string	per day	za den	
08 · Listing detail	item.photoByOwner	string	Photo by owner	Fotka od majitele	
08 · Listing detail	item.pickupWindowsHint	string	Pickup windows below. Confirm exact dates when you book.	Okna vyzvednutí níže. Přesná data potvrďte při rezervaci.	
08 · Listing detail	item.qrCheckIn	string	QR check-in at pickup	QR check-in při vyzvednutí	
08 · Listing detail	item.questionsBeforeBook	string	Contact the owner with any questions before booking.	Kontaktujte majitele s otázkami před rezervací.	
08 · Listing detail	item.questionsBeforeBuy	string	Questions? Tap Message to contact the seller before you buy.	Otázky? Klepněte na Zpráva a kontaktujte prodejce před nákupem.	
08 · Listing detail	item.removedBody	string	This listing may have been removed or is no longer available in your area.	Tato nabídka mohla být odstraněna nebo už není dostupná ve vaší oblasti.	
08 · Listing detail	item.removeFavoriteAria	string	Remove from favorites	Odebrat z oblíbených	
08 · Listing detail	item.rentalIncludes	string	Rental includes	Půjčka zahrnuje	
08 · Listing detail	item.sellerMissing	string	Seller profile is missing — try again later.	Profil prodejce chybí — zkuste to později.	
08 · Listing detail	item.share	string	Share	Sdílet	
08 · Listing detail	item.shareListing	string	Share this listing	Sdílet tuto nabídku	
08 · Listing detail	item.signInToMessage	string	Sign in to message the seller.	Přihlaste se, abyste mohli napsat prodejci.	
08 · Listing detail	item.sold	string	Sold	Prodáno	
08 · Listing detail	item.soldBanner	string	This item has been sold.	Tato položka byla prodána.	
08 · Listing detail	item.startBookingAria	string	Start booking to contact host	Začít rezervaci a kontaktovat hostitele	
08 · Listing detail	item.uniqueQrBody	string	Scan to check in, track rental status, and verify the item at pickup.	Naskenujte pro check-in, sledování stavu půjčky a ověření položky při vyzvednutí.	
08 · Listing detail	item.uniqueQrTitle	string	Unique QR Code	Unikátní QR kód	
08 · Listing detail	item.verifiedHost()	fn	Verified host on {{1}}	Ověřený hostitel na {{1}}	
08 · Listing detail	item.view	string	View	Zobrazit	
08 · Listing detail	item.viewCalendar	string	View calendar	Zobrazit kalendář	
08 · Listing detail	item.viewInGarage	string	View in garage	Zobrazit v garáži	
08 · Listing detail	item.viewPublicProfile	string	Tap to view public profile	Klepněte pro veřejný profil	
08 · Listing detail	item.weekdays	string	Weekdays	Všední dny	
08 · Listing detail	item.weekends	string	Weekends	Víkendy	
08 · Listing detail	item.yourListing	string	This is your listing.	Toto je vaše nabídka.	
08 · Listing detail · shelf	shelf.askAiTitle	string	Uses AI only when tapped	AI se spustí jen po klepnutí	
08 · Listing detail · shelf	shelf.askMascot()	fn	Ask {{1}}	Zeptat se {{1}}	
08 · Listing detail · shelf	shelf.backToSubcategories	string	Back to subcategories	Zpět na podkategorie	
08 · Listing detail · shelf	shelf.empty.badgeEarn	string	🏆 Pioneer spot available	🏆 Volné místo pionýra	
08 · Listing detail · shelf	shelf.empty.badgeRent	string	📣 High demand signal	📣 Signál vysoké poptávky	
08 · Listing detail · shelf	shelf.empty.listFirstCta	string	List your first item →	Vystavit první položku →	
08 · Listing detail · shelf	shelf.empty.listToFulfill	string	List to fulfill →	Vystavit a splnit →	
08 · Listing detail · shelf	shelf.empty.postRequestCta	string	Post a Request →	Poslat žádost →	
08 · Listing detail · shelf	shelf.empty.recentRequests()	fn	Recent requests near {{1}}	Nedávné žádosti poblíž {{1}}	
08 · Listing detail · shelf	shelf.empty.rentanoEarn()	fn	Zero competition in {{1}} in undefined. First host takes all the demand.	Nulová konkurence v {{1}} v undefined. První hostitel získá veškerou poptávku.	
08 · Listing detail · shelf	shelf.empty.rentanoRent	string	Someone nearby might have exactly what you need	Někdo poblíž může mít přesně to, co hledáte	
08 · Listing detail · shelf	shelf.empty.rentersAsking	string	Renters asking nearby	Nájemci se ptají poblíž	
08 · Listing detail · shelf	shelf.empty.shareHint	string	Sharing spreads demand — the more neighbors join, faster shelves fill	Sdílení šíří poptávku — čím víc sousedů, tím dřív se police naplní	
08 · Listing detail · shelf	shelf.empty.shareNeighbors	string	Share with neighbors	Sdílet se sousedy	
08 · Listing detail · shelf	shelf.empty.subtextEarn	string	Early hosts earn 3× more — no competition, all the renters	Raní hostitelé vydělávají 3× víc — bez konkurence, všichni nájemci	
08 · Listing detail · shelf	shelf.empty.subtextRent	string	Hosts list where renters ask. Be first to ask.	Hostitelé vystavují tam, kde se ptají. Buďte první, kdo se zeptá.	
08 · Listing detail · shelf	shelf.empty.wanted	string	Wanted	Hledá se	
08 · Listing detail · shelf	shelf.find	string	Find	Najít	
08 · Listing detail · shelf	shelf.founding.badgeCommunity	string	Early Community	Raná komunita	
08 · Listing detail · shelf	shelf.founding.badgeFounding	string	Founding Host	Zakládající hostitel	
08 · Listing detail · shelf	shelf.founding.bodyEarn()	fn	Launch offer for early hosts in {{1}} — low competition, priority placement while we grow.	Startovací nabídka pro rané hostitele v {{1}} — nízká konkurence, priorita umístění, dokud rosteme.	
08 · Listing detail · shelf	shelf.founding.bodyRent()	fn	Post what you need in {{1}}. Your request signals demand — the first hosts list where neighbors ask.	Napište, co potřebujete v {{1}}. Vaše žádost signalizuje poptávku — první hostitelé vystavují tam, kde se sousedé ptají.	
08 · Listing detail · shelf	shelf.founding.firstHosts	string	First 1,000 hosts	Prvních 1 000 hostitelů	
08 · Listing detail · shelf	shelf.founding.hintEarn	string	Start earning in minutes — neighbors are already looking.	Začněte vydělávat během minut — sousedé už hledají.	
08 · Listing detail · shelf	shelf.founding.hintRent	string	Be first to ask — hosts list where demand shows up.	Buďte první, kdo se zeptá — hostitelé vystavují tam, kde je poptávka.	
08 · Listing detail · shelf	shelf.founding.launchOffer	string	Launch offer · limited spots	Startovací nabídka · omezená místa	
08 · Listing detail · shelf	shelf.founding.listFirstCta	string	List your first item	Vystavit první položku	
08 · Listing detail · shelf	shelf.founding.postRequestCta	string	Post a Request	Poslat žádost	
08 · Listing detail · shelf	shelf.founding.shareNeighbors	string	Share with neighbors	Sdílet se sousedy	
08 · Listing detail · shelf	shelf.founding.spotsFilling	string	 · spots filling	 · místa se plní	
08 · Listing detail · shelf	shelf.founding.titleEarnHighlight	string	free listing	vystavení zdarma	
08 · Listing detail · shelf	shelf.founding.titleEarnPrefix	string	3 months	3 měsíce	
08 · Listing detail · shelf	shelf.founding.titleRent	string	Help fill this shelf first	Pomozte naplnit tuto polici jako první	
08 · Listing detail · shelf	shelf.greetingAnon	string	So cool you’re among the first. We’re just getting started.	Skvělé, že jste mezi prvními. Teprve začínáme.	
08 · Listing detail · shelf	shelf.greetingNamed()	fn	{{1}} — so cool you’re among the first. We’re just getting started.	{{1}} — skvělé, že jste mezi prvními. Teprve začínáme.	
08 · Listing detail · shelf	shelf.listingFallback	string	Listing	Nabídka	
08 · Listing detail · shelf	shelf.matchCount()	fn	{{1}} matches in undefined	{{1}} shod v undefined	
08 · Listing detail · shelf	shelf.noMatches()	fn	No matches for “{{1}}”	Žádné shody pro „{{1}}“	
08 · Listing detail · shelf	shelf.noMatchesHint	string	Try fewer keywords, or post a request so hosts know what to list.	Zkuste méně slov, nebo pošlete žádost, ať hostitelé vědí, co vystavit.	
08 · Listing detail · shelf	shelf.personalUse	string	Personal Use	Osobní použití	
08 · Listing detail · shelf	shelf.postRequestFor()	fn	Post request for “{{1}}”	Poslat žádost o „{{1}}“	
08 · Listing detail · shelf	shelf.professionalUse	string	Professional Use	Profesionální použití	
08 · Listing detail · shelf	shelf.searchPlaceholder	string	Search in this shelf…	Hledat v této polici…	
08 · Listing detail · shelf	shelf.searchTip	string	Tip: use 1–2 keywords (e.g. “dewalt”, “tripod”)	Tip: použijte 1–2 klíčová slova (např. „dewalt“, „stativ“)	
08 · Listing detail · shelf	shelf.shareEarn()	fn	I'm listing {{1}} on undefined — open your garage showcase in undefined! undefined	Vystavuji {{1}} na undefined — otevřete výlohu garáže v undefined! undefined	
08 · Listing detail · shelf	shelf.shareRent()	fn	Looking for {{1}} near undefined on undefined. Browse neighborhood garages → undefined	Hledám {{1}} poblíž undefined na undefined. Prohlédněte sousedské garáže → undefined	
08 · Listing detail · shelf	shelf.unlockBody	string	Unlock this shelf with a sign-in code to browse listings, post a request, and save favorites.	Odemkněte tuto polici přihlašovacím kódem — prohlížejte nabídky, posílejte žádosti a ukládejte oblíbené.	
08 · Listing detail · shelf	shelf.unlockCta	string	Get sign-in code to unlock →	Získat kód a odemknout →	
09 · List item · QR sticker	listingQr.a4SheetPdf	string	⬇️ A4 sheet PDF	⬇️ PDF list A4	
09 · List item · QR sticker	listingQr.addAnotherItem	string	+ Add another item	+ Přidat další položku	
09 · List item · QR sticker	listingQr.addToBulk	string	Add to bulk	Přidat do hromadného	
09 · List item · QR sticker	listingQr.backToSticker	string	← Back to sticker	← Zpět ke samolepce	
09 · List item · QR sticker	listingQr.bulkPrinting	string	Bulk printing	Hromadný tisk	
09 · List item · QR sticker	listingQr.bulkTipHighValue	string	High-value items (over $200) tend to get attention quickly	Hodnotnější věci (nad $200) obvykle rychle zaujmou	
09 · List item · QR sticker	listingQr.bulkTipPopular	string	Popular: ladders, pressure washers, party tables, cameras, bike racks	Oblíbené: žebříky, tlakové myčky, párty stoly, foťáky, držáky na kolo	
09 · List item · QR sticker	listingQr.bulkTipSeasonal	string	If it’s seasonal, list it now — your neighborhood searches early	Sezónní věci vystavte teď — sousedé hledají s předstihem	
09 · List item · QR sticker	listingQr.clearBulkQueue	string	Clear bulk queue	Vymazat hromadnou frontu	
09 · List item · QR sticker	listingQr.close	string	Close	Zavřít	
09 · List item · QR sticker	listingQr.comeBackHint	string	You can reopen this QR anytime from My Garage to print or verify.	QR můžete kdykoli znovu otevřít z Garáže a vytisknout nebo ověřit.	
09 · List item · QR sticker	listingQr.continueToSticker	string	See my QR code	Zobrazit můj QR	
09 · List item · QR sticker	listingQr.donePrintLater	string	Done — I’ll print later	Hotovo — vytisknu později	
09 · List item · QR sticker	listingQr.download	string	⬇️ Download	⬇️ Stáhnout	
09 · List item · QR sticker	listingQr.emptySpotsLeft()	fn	You have {{1}} empty spots left on this sheet	Na tomto listu zbývá {{1}} volných míst	
09 · List item · QR sticker	listingQr.errorNoBulkItems	string	No items in bulk queue yet.	Ve hromadné frontě zatím nic není.	
09 · List item · QR sticker	listingQr.errorPdfGenerate	string	Could not generate PDF. Please try again.	PDF se nepodařilo vytvořit. Zkuste to znovu.	
09 · List item · QR sticker	listingQr.errorPdfPrepare	string	Could not prepare the PDF. Please try again.	PDF se nepodařilo připravit. Zkuste to znovu.	
09 · List item · QR sticker	listingQr.errorVerifyFailed	string	Could not verify that photo. Retake with the QR sticker clearly visible.	Fotku se nepodařilo ověřit. Pořiďte znovu s jasně viditelnou QR nálepkou.	
09 · List item · QR sticker	listingQr.fillPageHint	string	Fill the page now so you can print once, stick once, and get more items live faster.	Doplňte list teď — jeden tisk, jedno lepení a více položek živě rychleji.	
09 · List item · QR sticker	listingQr.howItWorksBack	string	How it works	Jak to funguje	
09 · List item · QR sticker	listingQr.label3x3Pdf	string	⬇️ 3×3 label PDF	⬇️ PDF štítek 3×3	
09 · List item · QR sticker	listingQr.listingAlreadyLive	string	Your listing is already live for neighbors.	Vaše nabídka už je pro sousedy živě.	
09 · List item · QR sticker	listingQr.mascotGuided()	fn	{{1}} guided	Průvodce {{1}}	
09 · List item · QR sticker	listingQr.moreItems	string	More items?	Další věci?	
09 · List item · QR sticker	listingQr.moreItemsBody	string	Add each item to the bulk queue from its QR screen, then use “Print bulk” when ready.	Každou položku přidejte do hromadné fronty na její QR obrazovce a pak použijte „Hromadný tisk“.	
09 · List item · QR sticker	listingQr.next	string	Next	Další	
09 · List item · QR sticker	listingQr.openPdf	string	Open PDF	Otevřít PDF	
09 · List item · QR sticker	listingQr.optionalVerifyTitle	string	Optional — confirm sticker on the item	Volitelné — potvrďte nálepku na věci	
09 · List item · QR sticker	listingQr.pdfReady	string	PDF ready	PDF připraveno	
09 · List item · QR sticker	listingQr.pdfReadyBody	string	Stay in the app — download, share, or open the PDF from here. Use Close to return to your sticker.	Zůstaňte v aplikaci — stáhněte, sdílejte nebo otevřete PDF tady. Zavřít vás vrátí ke samolepce.	
09 · List item · QR sticker	listingQr.preparingPdf	string	Preparing PDF…	Připravuji PDF…	
09 · List item · QR sticker	listingQr.prevSlideAria	string	Previous slide	Předchozí snímek	
09 · List item · QR sticker	listingQr.print	string	🖨️ Print	🖨️ Tisk	
09 · List item · QR sticker	listingQr.printBulk	string	🖨️ Print bulk	🖨️ Hromadný tisk	
09 · List item · QR sticker	listingQr.printHint	string	You can download the PDF to print later (desktop is easiest). Print on an Avery-compatible label sheet, or use regular paper + clear tape on top to protect it.	PDF si můžete stáhnout a vytisknout později (nejsnadněji na počítači). Tiskněte na Avery štítky, nebo na běžný papír a přelepte průhlednou páskou.	
09 · List item · QR sticker	listingQr.printThisQr	string	🖨️ Print this QR	🖨️ Vytisknout tento QR	
09 · List item · QR sticker	listingQr.qrAlt	string	Listing QR code	QR kód nabídky	
09 · List item · QR sticker	listingQr.queuedCount()	fn	{{1}} queued	{{1}} ve frontě	
09 · List item · QR sticker	listingQr.removeFromBulk	string	Remove from bulk	Odebrat z hromadného	
09 · List item · QR sticker	listingQr.sharePdfFile	string	📤 Share PDF file	📤 Sdílet PDF	
09 · List item · QR sticker	listingQr.sharePdfHint	string	Sends the PDF file itself (AirDrop, Files, Messages). There is no web “download link” — a link would only open the app.	Posílá samotný soubor PDF (AirDrop, Soubory, Zprávy). Webový „odkaz ke stažení“ neexistuje — odkaz by jen otevřel aplikaci.	
09 · List item · QR sticker	listingQr.shareSavePdf	string	📤 Share / save PDF file	📤 Sdílet / uložit PDF	
09 · List item · QR sticker	listingQr.skipForNow	string	Skip for now — listing is live	Přeskočit — nabídka je živě	
09 · List item · QR sticker	listingQr.slideOf()	fn	Slide {{1}} of undefined	Snímek {{1}} z undefined	
09 · List item · QR sticker	listingQr.stepPickupTip	string	When a rental starts, you confirm handover with the code — the rental holds on your side. The neighbor scans to receive it; then it goes fully active and moves to their cabinet.	Na začátku půjčky potvrdíte předání kódem — půjčka drží na vaší straně. Soused naskenuje převzetí; pak je půjčka plně aktivní a věc přejde do jeho skříňky.	
09 · List item · QR sticker	listingQr.stepPickupTitle	string	Handoff starts with your code	Předání začíná vaším kódem	
09 · List item · QR sticker	listingQr.stepReturnTip	string	Both sides confirm return with the code. That closes the rental and keeps a trail for reminders, disputes, loss, or damage.	Obě strany potvrdí vrácení kódem. Tím se půjčka uzavře a zůstane stopa pro připomínky, spory, ztrátu nebo poškození.	
09 · List item · QR sticker	listingQr.stepReturnTitle	string	Return works the same way	Vrácení funguje stejně	
09 · List item · QR sticker	listingQr.stepSmartTip	string	This QR links the physical item to a single listing. Print one now, or print many later and stick them when you’re ready.	Tento QR propojí fyzickou věc s jednou nabídkou. Vytiskněte teď, nebo hromadně později a nalepte, až budete připraveni.	
09 · List item · QR sticker	listingQr.stepSmartTitle	string	Your item is now a smart asset	Vaše věc je teď chytré aktivum	
09 · List item · QR sticker	listingQr.stickerReadySubtitle	string	Look it over, print now, add to a bulk sheet — or close and print later.	Prohlédněte si ho, vytiskněte teď, přidejte do hromadného listu — nebo zavřete a tiskněte později.	
09 · List item · QR sticker	listingQr.stickerReadyTitle	string	Your QR is ready	Váš QR je připravený	
09 · List item · QR sticker	listingQr.storySubtitle()	fn	Your listing is already live. {{1}} explains handoff scans — print stickers now or later.	Nabídka už je živě. {{1}} vysvětlí skeny při předání — nálepky teď nebo později.	
09 · List item · QR sticker	listingQr.storyTitle	string	How your QR works	Jak funguje váš QR	
09 · List item · QR sticker	listingQr.takeVerificationPhoto	string	📸 Take verification photo	📸 Pořídit ověřovací fotku	
09 · List item · QR sticker	listingQr.verificationHint	string	Optional. Point the camera at the printed QR on the item so we know the sticker is attached. Handoff at rental start still uses this code either way.	Volitelné. Namiřte foťák na vytištěný QR na věci, abychom věděli, že nálepka je nalepená. Při předání na začátku půjčky se kód použije stejně.	
09 · List item · QR sticker	listingQr.verifyingQr	string	Verifying QR…	Ověřuji QR…	
09 · List item · share	listingShare.agentBody	string	Neighbors who see your listing in the first hour are 3× more likely to book. Pick Story for TikTok and Instagram.	Sousedé, kteří nabídku uvidí v první hodině, mají 3× vyšší šanci rezervovat. Pro TikTok a Instagram zvolte Story.	
09 · List item · share	listingShare.agentCta	string	Scroll to share buttons	Přejít na tlačítka sdílení	
09 · List item · share	listingShare.agentTitle	string	Share while it's fresh	Sdílejte, dokud je čerstvá	
09 · List item · share	listingShare.availableNow	string	Available now	Dostupné ihned	
09 · List item · share	listingShare.backToListings	string	Back to my listings	Zpět na moje nabídky	
09 · List item · share	listingShare.boostActiveUntil()	fn	Boost active until {{1}}	Boost aktivní do {{1}}	
09 · List item · share	listingShare.boostBody	string	Boosted listings show up near the top of the feed with a max of 1 boost per 5 organic.	Boostnuté nabídky se zobrazují nahoře ve feedu — max. 1 boost na 5 organických.	
09 · List item · share	listingShare.boostFailed	string	Boost checkout failed. Check Stripe configuration.	Platba za boost selhala. Zkontrolujte nastavení Stripe.	
09 · List item · share	listingShare.boostOpt24h	string	$2 · 24h	$2 · 24 h	
09 · List item · share	listingShare.boostOpt30d	string	$10 · 30d	$10 · 30 d	
09 · List item · share	listingShare.boostOpt7d	string	$5 · 7d	$5 · 7 d	
09 · List item · share	listingShare.boostTitle	string	Boost this listing	Boostnout nabídku	
09 · List item · share	listingShare.caption	string	Caption	Popisek	
09 · List item · share	listingShare.captionFailed	string	Caption generation failed	Generování popisku selhalo	
09 · List item · share	listingShare.copy	string	Copy	Kopírovat	
09 · List item · share	listingShare.copyCaption	string	Copy caption	Kopírovat popisek	
09 · List item · share	listingShare.defaultCaption()	fn	"{{1}} on undefined.
undefined"	"{{1}} na undefined.
undefined"	
09 · List item · share	listingShare.downloadPng	string	⬇️ Download PNG	⬇️ Stáhnout PNG	
09 · List item · share	listingShare.formatLandscape	string	Card 1200×628	Karta 1200×628	
09 · List item · share	listingShare.formatSquare	string	Square 1:1	Čtverec 1:1	
09 · List item · share	listingShare.formatStory	string	Story 9:16	Story 9:16	
09 · List item · share	listingShare.garagePanelHint	string	Share your link — neighbors land on your shelf, not the app home page.	Sdílejte odkaz — sousedé dorazí na vaši polici, ne na úvod aplikace.	
09 · List item · share	listingShare.generating	string	Generating…	Generuji…	
09 · List item · share	listingShare.hide	string	Hide	Skrýt	
09 · List item · share	listingShare.hintFacebook	string	Opens Facebook share — paste the image if the link preview is not enough.	Otevře sdílení na Facebooku — vložte obrázek, pokud nestačí náhled odkazu.	
09 · List item · share	listingShare.hintInstagram	string	Download the Story image, then share to Instagram Stories or Feed.	Stáhněte obrázek Story a sdílejte do Instagram Stories nebo Feed.	
09 · List item · share	listingShare.hintNextdoor	string	Opens Nextdoor — great for neighbors on your block.	Otevře Nextdoor — ideální pro sousedy z bloku.	
09 · List item · share	listingShare.hintTiktok	string	Image copied to clipboard when possible — paste in TikTok when you create a post.	Obrázek se pokud možno zkopíroval — vložte ho při tvorbě příspěvku na TikTok.	
09 · List item · share	listingShare.hintWhatsapp	string	Opens WhatsApp with your caption ready to send.	Otevře WhatsApp s připraveným popiskem.	
09 · List item · share	listingShare.hintX	string	Opens X (Twitter) compose with your link.	Otevře X (Twitter) s vaším odkazem.	
09 · List item · share	listingShare.myListingFallback	string	My listing	Moje nabídka	
09 · List item · share	listingShare.optionalNextStep	string	Optional next step	Volitelný další krok	
09 · List item · share	listingShare.preparingImage	string	Preparing image…	Připravuji obrázek…	
09 · List item · share	listingShare.rendering	string	Rendering…	Vykresluji…	
09 · List item · share	listingShare.share	string	Share	Sdílet	
09 · List item · share	listingShare.shareCardAlt	string	Share card preview	Náhled karty ke sdílení	
09 · List item · share	listingShare.shareEllipsis	string	Share…	Sdílet…	
09 · List item · share	listingShare.shareImage	string	Share image	Obrázek ke sdílení	
09 · List item · share	listingShare.shareImageCta	string	Share image	Sdílet obrázek	
09 · List item · share	listingShare.shareImageFailed	string	Share image generation failed	Generování obrázku ke sdílení selhalo	
09 · List item · share	listingShare.shareNetworks	string	Share to your networks	Sdílet do sítí	
09 · List item · share	listingShare.shareToAria()	fn	Share to {{1}}	Sdílet na {{1}}	
09 · List item · share	listingShare.statusCopied	string	Caption copied — paste in the app.	Popisek zkopírován — vložte ho v aplikaci.	
09 · List item · share	listingShare.statusFallback	string	Copy the caption and download the image if needed.	Zkopírujte popisek a případně stáhněte obrázek.	
09 · List item · share	listingShare.statusShared	string	Shared!	Sdíleno!	
09 · List item · share	listingShare.subtitle()	fn	{{1}} is already on your garage. Sharing is optional — caption ready in your language.	{{1}} už je ve vaší garáži. Sdílení je volitelné — popisek je připravený ve vašem jazyce.	
09 · List item · share	listingShare.title	string	Your listing is live — share it?	Nabídka je živě — sdílet?	
09 · List item wizard	listing.analyzingPhotos()	fn	{{1}} is analyzing your photos...	{{1}} analyzuje vaše fotky...	
09 · List item wizard	listing.availability.addBlockedPeriod	string	+ Add blocked period	+ Přidat zablokované období	
09 · List item wizard	listing.availability.blockDates	string	Block specific dates	Zablokovat konkrétní data	
09 · List item wizard	listing.availability.blockDatesDesc	string	Going away? Block those dates.	Odjíždíte? Zablokujte ta data.	
09 · List item wizard	listing.availability.blockThisPeriod	string	Block this period	Zablokovat toto období	
09 · List item wizard	listing.availability.daysOfWeek	string	Days of the week	Dny v týdnu	
09 · List item wizard	listing.availability.end	string	End	Konec	
09 · List item wizard	listing.availability.from	string	From	Od	
09 · List item wizard	listing.availability.hint	string	Tap Sat or Sun to unlock weekend hours. Adjust times, pause, or block dates below.	Klepněte na So nebo Ne pro víkendové hodiny. Časy, pauzu nebo blokace upravíte níže.	
09 · List item wizard	listing.availability.imageAlt	string	House with a clock on the door, showing when you are available for handoffs	Dům s hodinami na dveřích — kdy jste k dispozici pro předání	
09 · List item wizard	listing.availability.listingPaused	string	Listing is paused	Nabídka je pozastavena	
09 · List item wizard	listing.availability.optionalExceptions	string	Optional exceptions	Volitelné výjimky	
09 · List item wizard	listing.availability.optionalExceptionsDesc	string	Pause the listing or block dates when you're unavailable.	Pozastavte nabídku nebo zablokujte data, kdy nejste k dispozici.	
09 · List item wizard	listing.availability.pauseDesc	string	Hide from search instantly	Okamžitě skrýt z vyhledávání	
09 · List item wizard	listing.availability.pauseListing	string	Pause listing	Pozastavit nabídku	
09 · List item wizard	listing.availability.regularHours	string	Regular hours	Běžné hodiny	
09 · List item wizard	listing.availability.regularHoursDesc	string	When you're generally available for handoffs	Kdy jste obecně k dispozici pro předání	
09 · List item wizard	listing.availability.remove	string	Remove	Odebrat	
09 · List item wizard	listing.availability.start	string	Start	Začátek	
09 · List item wizard	listing.availability.subtitle	string	Set when you're generally available, then add optional exceptions.	Nastavte, kdy jste obvykle k dispozici, a pak volitelné výjimky.	
09 · List item wizard	listing.availability.title	string	Availability	Dostupnost	
09 · List item wizard	listing.availability.to	string	To	Do	
09 · List item wizard	listing.availability.weekdayFr	string	Fr	Pá	
09 · List item wizard	listing.availability.weekdayMo	string	Mo	Po	
09 · List item wizard	listing.availability.weekdaySa	string	Sa	So	
09 · List item wizard	listing.availability.weekdaysLabel	string	Weekdays (Mon–Fri)	Všední dny (Po–Pá)	
09 · List item wizard	listing.availability.weekdaySu	string	Su	Ne	
09 · List item wizard	listing.availability.weekdayTh	string	Th	Čt	
09 · List item wizard	listing.availability.weekdayTu	string	Tu	Út	
09 · List item wizard	listing.availability.weekdayWe	string	We	St	
09 · List item wizard	listing.availability.weekendsLabel	string	Weekends (Sat–Sun)	Víkend (So–Ne)	
09 · List item wizard	listing.continue	string	Continue	Pokračovat	
09 · List item wizard	listing.discard	string	Discard	Zahodit	
09 · List item wizard	listing.discardBody	string	Your progress will be lost if you leave now.	Pokud teď odejdete, o svůj postup přijdete.	
09 · List item wizard	listing.discardTitle	string	Discard listing?	Zahodit nabídku?	
09 · List item wizard	listing.editListing	string	Edit listing	Upravit nabídku	
09 · List item wizard	listing.goBackAria	string	Go back	Zpět	
09 · List item wizard	listing.goPublic.backToReview	string	← Back to review	← Zpět na kontrolu	
09 · List item wizard	listing.goPublic.checkingSetup	string	Checking your seller setup…	Kontroluji nastavení prodejce…	
09 · List item wizard	listing.goPublic.completeSteps	string	Sign in above to go live	Výše se přihlaste, abyste mohli jít živě	
09 · List item wizard	listing.goPublic.connectThenLive	string	Connect finances →	Připojit finance →	
09 · List item wizard	listing.goPublic.continueStripe	string	Connect finances	Připojit finance	
09 · List item wizard	listing.goPublic.goingLive	string	Going live…	Jdu živě…	
09 · List item wizard	listing.goPublic.goLive	string	Go live 🚀	Jít živě 🚀	
09 · List item wizard	listing.goPublic.goLivePayoutHint	string	Your listing can be visible now. Card payments unlock after you connect a bank.	Nabídka může být viditelná teď. Platby kartou se odemknou po připojení banky.	
09 · List item wizard	listing.goPublic.goLiveWithoutPayouts	string	Go live without payouts for now	Jít živě bez výplat zatím	
09 · List item wizard	listing.goPublic.lastStepBody	string	Connect finances so neighbors can pay you by card. Takes a couple of minutes — then you're ready to earn.	Připojte finance, aby vám sousedé mohli platit kartou. Zabere to pár minut — pak můžete vydělávat.	
09 · List item wizard	listing.goPublic.lastStepTitle	string	One last step	Zbývá poslední krok	
09 · List item wizard	listing.goPublic.openingStripe	string	Opening…	Otevírám…	
09 · List item wizard	listing.goPublic.recommendedBadge	string	Recommended	Doporučeno	
09 · List item wizard	listing.goPublic.refreshing	string	Refreshing…	Obnovuji…	
09 · List item wizard	listing.goPublic.refreshStatus	string	I finished setup — refresh status	Dokončil(a) jsem nastavení — obnovit stav	
09 · List item wizard	listing.goPublic.signInCta	string	Sign in	Přihlásit se	
09 · List item wizard	listing.goPublic.signInDone	string	Account ready — your draft stays with you.	Účet připraven — koncept zůstane u vás.	
09 · List item wizard	listing.goPublic.signInPending	string	Save your draft to your account before going live.	Uložte koncept na účet, než půjdete živě.	
09 · List item wizard	listing.goPublic.signInTitle	string	Sign in	Přihlásit se	
09 · List item wizard	listing.goPublic.stripeConnectedBank()	fn	Bank connected · **** {{1}}	Banka připojena · **** {{1}}	
09 · List item wizard	listing.goPublic.stripeFinishForm	string	Almost there — finish ID + bank in the secure form, then tap refresh.	Skoro hotovo — dokončete doklad a účet v zabezpečeném formuláři a klepněte na obnovit.	
09 · List item wizard	listing.goPublic.stripeOnboardingComplete	string	Payout setup complete — you're ready to receive money.	Nastavení výplat hotové — můžete přijímat peníze.	
09 · List item wizard	listing.goPublic.stripePayoutsEnabled	string	Payouts enabled — neighbors can pay you by card.	Výplaty povoleny — sousedé vám můžou platit kartou.	
09 · List item wizard	listing.goPublic.stripePending	string	Verify your ID and connect a bank (powered by Stripe) so neighbors can pay you securely.	Ověřte doklad a připojte banku (přes Stripe), aby vám sousedé mohli bezpečně platit.	
09 · List item wizard	listing.goPublic.stripeTitle	string	Connect finances	Připojit finance	
09 · List item wizard	listing.goPublic.subtitle	string	Sign in to publish. One gentle step left so neighbors can pay you.	Přihlaste se a publikujte. Zbývá jemný krok, aby vám sousedé mohli platit.	
09 · List item wizard	listing.goPublic.tip()	fn	{{1}}: You can go live now to get neighbors browsing. Connect finances when you're ready for card payments — Stripe handles the secure ID check.	{{1}}: Můžete jít živě a nechat sousedy prohlížet. Finance připojte, až budete chtít platby kartou — Stripe bezpečně ověří doklad.	
09 · List item wizard	listing.goPublic.title	string	Almost there	Skoro hotovo	
09 · List item wizard	listing.goPublicTitle	string	Go public	Jít veřejně	
09 · List item wizard	listing.howQrWorks	string	How your QR works	Jak funguje váš QR	
09 · List item wizard	listing.intro.goToSlideAria()	fn	Go to slide {{1}}	Přejít na snímek {{1}}	
09 · List item wizard	listing.intro.slideGoLiveTip	string	Neighbors can browse your garage — share, boost, or let the showcase work for you.	Sousedé můžou procházet vaši garáž — sdílejte, boostujte, nebo nechte vitrínu pracovat za vás.	
09 · List item wizard	listing.intro.slideGoLiveTitle	string	Go live on the block	Jděte živě na blok	
09 · List item wizard	listing.intro.slideShowcaseTip()	fn	{{1}} filled in the details — just check the shelf info.	{{1}} doplnil detaily — jen zkontrolujte údaje na polici.	
09 · List item wizard	listing.intro.slideShowcaseTitle	string	Your showcase, ready in seconds	Vitrína hotová během chvilky	
09 · List item wizard	listing.intro.slideSnapTip	string	Snap a photo on your shelf — I'll help with the rest.	Vyfoťte věc na polici — se zbytkem pomůžu já.	
09 · List item wizard	listing.intro.slideSnapTitle	string	Snap from your garage	Vyfoťte z garáže	
09 · List item wizard	listing.itemInfo.askImprove()	fn	✨ Ask {{1}} to improve	✨ Požádat {{1}} o vylepšení	
09 · List item wizard	listing.itemInfo.category	string	Category	Kategorie	
09 · List item wizard	listing.itemInfo.condition	string	Condition	Stav	
09 · List item wizard	listing.itemInfo.conditionFair	string	Fair	Uspokojivé	
09 · List item wizard	listing.itemInfo.conditionGood	string	Good	Dobré	
09 · List item wizard	listing.itemInfo.conditionLikeNew	string	Like New	Jako nové	
09 · List item wizard	listing.itemInfo.conditionNew	string	New	Nové	
09 · List item wizard	listing.itemInfo.description	string	Description	Popis	
09 · List item wizard	listing.itemInfo.descriptionPlaceholder	string	Describe your item, included accessories, condition details...	Popište položku, příslušenství, detaily stavu...	
09 · List item wizard	listing.itemInfo.fieldTitle	string	Title	Název	
09 · List item wizard	listing.itemInfo.grade	string	Grade	Třída	
09 · List item wizard	listing.itemInfo.gradeHint	string	Personal = home, hobby, occasional use · Professional = commercial, heavy duty	Osobní = domácnost, koníček, občasné použití · Profesionální = komerční, heavy duty	
09 · List item wizard	listing.itemInfo.instructionsHelper	string	Shown as Instructions button on your listing	Zobrazí se jako tlačítko Pokyny u nabídky	
09 · List item wizard	listing.itemInfo.instructionsPlaceholder	string	https://... link to manual or tutorial video	https://... odkaz na manuál nebo tutoriál	
09 · List item wizard	listing.itemInfo.instructionsUrl	string	Instructions / manual URL	URL návodu / manuálu	
09 · List item wizard	listing.itemInfo.notSureValue	string	Not sure about the value?	Nejste si jistí hodnotou?	
09 · List item wizard	listing.itemInfo.personal	string	Personal	Osobní	
09 · List item wizard	listing.itemInfo.professional	string	Professional	Profesionální	
09 · List item wizard	listing.itemInfo.replacementValue	string	Estimated Replacement Value	Odhadovaná náhradní hodnota	
09 · List item wizard	listing.itemInfo.replacementValueHelper	string	Cost to buy new — used for deposit protection ceiling	Cena nové — strop pro ochranu kauce	
09 · List item wizard	listing.itemInfo.rewriting()	fn	{{1}} is rewriting...	{{1}} přepisuje...	
09 · List item wizard	listing.itemInfo.searchPriceLink()	fn	"Search ""{{1}} price new"""	Hledat „{{1}} price new“	
09 · List item wizard	listing.itemInfo.selectCategory	string	Select category	Vyberte kategorii	
09 · List item wizard	listing.itemInfo.selectGradeFirst	string	Select grade first	Nejdřív vyberte třídu	
09 · List item wizard	listing.itemInfo.selectGradeForSubs	string	Select Personal or Professional above to see subcategories	Vyberte výše Osobní nebo Profesionální pro podkategorie	
09 · List item wizard	listing.itemInfo.selectSubcategory	string	Select subcategory	Vyberte podkategorii	
09 · List item wizard	listing.itemInfo.subcategory	string	Subcategory	Podkategorie	
09 · List item wizard	listing.itemInfo.subtitle	string	Tell renters what you're listing.	Řekněte nájemcům, co vystavujete.	
09 · List item wizard	listing.itemInfo.subtitleYardSale	string	Photo first — we skip categories on garage-sale shelves.	Nejdřív fotka — u garážového výprodeje kategorie přeskočíme.	
09 · List item wizard	listing.itemInfo.title	string	Item details	Detaily položky	
09 · List item wizard	listing.itemInfo.titlePlaceholder	string	e.g., Milwaukee M18 Compact Drill Kit	např. Milwaukee M18 Compact Drill Kit	
09 · List item wizard	listing.itemInfo.titleYardSale	string	Sale item	Položka na prodej	
09 · List item wizard	listing.itemInfo.yardSaleBadge	string	On your garage sale shelf · For sale	Na polici garážového výprodeje · Na prodej	
09 · List item wizard	listing.listingActive	string	Listing active	Nabídka aktivní	
09 · List item wizard	listing.loadingListing	string	Loading listing…	Načítám nabídku…	
09 · List item wizard	listing.modes.dailyRate	string	Daily rate	Denní sazba	
09 · List item wizard	listing.modes.depositProtectionNote()	fn	💡 {{1}} via Stripe hold — released when the item is returned.	💡 {{1}} přes Stripe hold — uvolní se, když se věc vrátí.	
09 · List item wizard	listing.modes.gift	string	Free	Zdarma	
09 · List item wizard	listing.modes.giftSubtitle	string	Give it away for free	Darujte zdarma	
09 · List item wizard	listing.modes.howToPrice	string	How to price?	Jak nacenit?	
09 · List item wizard	listing.modes.longTermBody	string	Optional monthly pricing for bookings 30+ days.	Volitelná měsíční cena pro rezervace 30+ dní.	
09 · List item wizard	listing.modes.longTermHelp()	fn	Example only: some hosts start around {{1}} for long stays, then adjust based on demand and wear.	Jen příklad: někteří hostitelé začínají kolem {{1}} u dlouhých pobytů a pak upraví podle poptávky a opotřebení.	
09 · List item wizard	listing.modes.longTermMonthlyRate	string	Monthly rate (30+ days)	Měsíční sazba (30+ dní)	
09 · List item wizard	listing.modes.longTermRentersNote	string	Renters will see monthly pricing for long bookings.	Nájemci uvidí měsíční cenu u dlouhých rezervací.	
09 · List item wizard	listing.modes.longTermTitle	string	Allow long-term rentals	Povolit dlouhodobé půjčky	
09 · List item wizard	listing.modes.longTermToggleAria	string	Toggle long-term rentals	Přepnout dlouhodobé půjčky	
09 · List item wizard	listing.modes.minimumPeriod	string	MINIMUM RENTAL PERIOD	MINIMÁLNÍ DOBA PŮJČKY	
09 · List item wizard	listing.modes.monthlyRate	string	Monthly rate	Měsíční sazba	
09 · List item wizard	listing.modes.period1Day	string	1 day	1 den	
09 · List item wizard	listing.modes.period1Month	string	1 month	1 měsíc	
09 · List item wizard	listing.modes.period1Week	string	1 week	1 týden	
09 · List item wizard	listing.modes.period2Weeks	string	2 weeks	2 týdny	
09 · List item wizard	listing.modes.period3Days	string	3 days	3 dny	
09 · List item wizard	listing.modes.pricingTipDefault	string	Leave prices blank and type what feels fair. After photos, I can suggest a starting point — I won’t fill the boxes for you.	Nechte pole prázdná a napište, co vám přijde férové. Po fotkách můžu navrhnout start — políčka za vás nevyplním.	
09 · List item wizard	listing.modes.pricingTipRoi()	fn	Nice — at that rate it pays for itself in about {{1}} rentals. Adjust anytime.	Dobrá cena — při této sazbě se to splatí zhruba po {{1}} půjčkách. Kdykoli upravíte.	
09 · List item wizard	listing.modes.pricingTipSuggestBoth()	fn	From the photos I’d start around {{1}}/day to rent, or about undefined to sell. Suggestion only — boxes stay empty until you choose.	Z fotek bych začal kolem {{1}}/den na půjčení, nebo asi undefined na prodej. Jen tip — políčka zůstanou prázdná, dokud si nevyberete.	
09 · List item wizard	listing.modes.pricingTipSuggestRent()	fn	From the photos I’d start around {{1}}/day to rent. Suggestion only — your box stays empty until you choose.	Z fotek bych začal kolem {{1}}/den na půjčení. Jen tip — políčko zůstane prázdné, dokud si nevyberete.	
09 · List item wizard	listing.modes.pricingTipSuggestSell()	fn	From the photos a fair sale ask is around {{1}}. Suggestion only — type your own or use mine.	Z fotek je férové začít prodej kolem {{1}}. Jen tip — napište vlastní, nebo použijte moji.	
09 · List item wizard	listing.modes.rent	string	Rent	Půjčit	
09 · List item wizard	listing.modes.rentSubtitleDailyWeekly	string	Earn daily or weekly	Vydělávejte denně nebo týdně	
09 · List item wizard	listing.modes.rentSubtitleDailyWeeklyMonthly	string	Earn daily, weekly or monthly	Vydělávejte denně, týdně nebo měsíčně	
09 · List item wizard	listing.modes.rentSubtitleMonthly	string	Earn monthly	Vydělávejte měsíčně	
09 · List item wizard	listing.modes.rentSubtitleWeeklyMonthly	string	Earn weekly or monthly	Vydělávejte týdně nebo měsíčně	
09 · List item wizard	listing.modes.restrictedModesNote	string	Some transaction modes are not available for this category.	Některé režimy transakcí pro tuto kategorii nejsou k dispozici.	
09 · List item wizard	listing.modes.salePrice	string	Sale price	Prodejní cena	
09 · List item wizard	listing.modes.securityDeposit	string	Security deposit	Kauce	
09 · List item wizard	listing.modes.securityDepositHint	string	Held via Stripe, released on return	Drženo přes Stripe, uvolní se při vrácení	
09 · List item wizard	listing.modes.sell	string	Sell	Prodat	
09 · List item wizard	listing.modes.sellNote	string	💡 Set 0 to give it away free (no separate Gift mode for now). Platform commission applies on paid sales.	💡 Nastavte 0 a darujte zdarma (samostatný režim Darovat zatím není). U placených prodejů platí provize platformy.	
09 · List item wizard	listing.modes.sellSubtitle	string	One-time sale, item leaves your hands	Jednorázový prodej, věc odejde z vašich rukou	
09 · List item wizard	listing.modes.subtitle	string	Rent it out, sell it, or both. Want to give it away? Use Sell with price $0.	Půjčte, prodejte, nebo obojí. Chcete darovat? Použijte Prodat s cenou $0.	
09 · List item wizard	listing.modes.title	string	How do you want to offer it?	Jak to chcete nabídnout?	
09 · List item wizard	listing.modes.useSuggestedPrices	string	Use my suggestion	Použít můj tip	
09 · List item wizard	listing.modes.weeklyRate	string	Weekly rate	Týdenní sazba	
09 · List item wizard	listing.photos.addMoreSlots	string	Add more photo slots (+4)	Přidat další sloty (+4)	
09 · List item wizard	listing.photos.addPhotoAria	string	Add photo	Přidat fotku	
09 · List item wizard	listing.photos.addVideo	string	Add video	Přidat video	
09 · List item wizard	listing.photos.aiFillsBody()	fn	Tap Continue — {{1}} suggests title, category, description, and price from your photos (about 10–30 seconds).	Klepněte na Pokračovat — {{1}} navrhne název, kategorii, popis a cenu z fotek (asi 10–30 sekund).	
09 · List item wizard	listing.photos.aiFillsTitle	string	AI fills the next step	AI vyplní další krok	
09 · List item wizard	listing.photos.chooseLibrary	string	Choose from library	Vybrat z knihovny	
09 · List item wizard	listing.photos.closePreviewAria	string	Close preview	Zavřít náhled	
09 · List item wizard	listing.photos.couldntAddPhoto()	fn	Couldn't add this photo. ({{1}})	Fotku se nepodařilo přidat. ({{1}})	
09 · List item wizard	listing.photos.cover	string	Cover	Titulní	
09 · List item wizard	listing.photos.displayFailed	string	Couldn't display this photo on your device.	Tuto fotku se na zařízení nepodařilo zobrazit.	
09 · List item wizard	listing.photos.enhancementUnavailable()	fn	Photo enhancement unavailable. Saved original photo. ({{1}})	Vylepšení fotky není k dispozici. Uložena původní fotka. ({{1}})	
09 · List item wizard	listing.photos.enhancing	string	Enhancing...	Vylepšuji...	
09 · List item wizard	listing.photos.listingPhotoAria	string	Listing photo	Fotka nabídky	
09 · List item wizard	listing.photos.loadingVideo	string	Loading video…	Načítám video…	
09 · List item wizard	listing.photos.nextPhotoAria	string	Next photo	Další fotka	
09 · List item wizard	listing.photos.previewAria	string	Photo preview	Náhled fotky	
09 · List item wizard	listing.photos.previousPhotoAria	string	Previous photo	Předchozí fotka	
09 · List item wizard	listing.photos.reanalyze	string	Re-analyze photos	Znovu analyzovat fotky	
09 · List item wizard	listing.photos.reanalyzing	string	Re-analyzing…	Znovu analyzuji…	
09 · List item wizard	listing.photos.removePhotoAria	string	Remove photo	Odebrat fotku	
09 · List item wizard	listing.photos.removeVideoAria	string	Remove video	Odebrat video	
09 · List item wizard	listing.photos.retryAria	string	Tap to retry	Klepněte pro opakování	
09 · List item wizard	listing.photos.setAsCover	string	Set as cover	Nastavit jako titulní	
09 · List item wizard	listing.photos.subtitle()	fn	Up to {{1}} photos and undefined videos. Tap any photo to view it. Long-press to reorder.	Až {{1}} fotek a undefined videí. Klepnutím fotku zobrazíte. Dlouhým stiskem přeuspořádáte.	
09 · List item wizard	listing.photos.takePhoto	string	Take photo	Vyfotit	
09 · List item wizard	listing.photos.tapToRetry	string	Tap to retry	Klepněte pro opakování	
09 · List item wizard	listing.photos.tipAnalyzed	string	I analyzed your photos — check Step 2, I filled in the details for you.	Fotky jsem analyzoval — v kroku 2 jsem vyplnil detaily.	
09 · List item wizard	listing.photos.tipDefault()	fn	Add at least one photo, then tap Continue — {{1}} fills in title, category, and price on the next step.	Přidejte alespoň jednu fotku a klepněte na Pokračovat — {{1}} na dalším kroku doplní název, kategorii a cenu.	
09 · List item wizard	listing.photos.tipYardSale()	fn	Add a photo of what's on your sale table — {{1}} fills title & price next.	Přidejte fotku z výprodejového stolu — {{1}} doplní název a cenu.	
09 · List item wizard	listing.photos.title	string	Add photos	Přidat fotky	
09 · List item wizard	listing.photos.videosHeading()	fn	Videos ({{1}}/undefined)	Videa ({{1}}/undefined)	
09 · List item wizard	listing.photos.viewCoverAria	string	View cover photo	Zobrazit titulní fotku	
09 · List item wizard	listing.photos.viewPhotoAria	string	View photo	Zobrazit fotku	
09 · List item wizard	listing.pickup.contactless	string	Contactless pickup	Bezkontaktní vyzvednutí	
09 · List item wizard	listing.pickup.contactlessDesc	string	Lockbox, porch, garage code, etc.	Schránka, veranda, kód garáže atd.	
09 · List item wizard	listing.pickup.contactlessPlaceholder	string	Access details: lockbox code, gate code, unit #, key location…	Detaily přístupu: kód schránky, brány, jednotky, místo klíče…	
09 · List item wizard	listing.pickup.contactlessUnlockHint	string	These access details are not on your public listing. They unlock for your confirmed renter at check-in with the pickup PIN — after they already have the pickup address.	Tyto detaily nejsou na veřejné nabídce. Odemknou se potvrzenému nájemci při check-inu s PIN vyzvednutí — až když už má adresu.	
09 · List item wizard	listing.pickup.deliveryHeading	string	Delivery	Doručení	
09 · List item wizard	listing.pickup.deliveryPolicy	string	Delivery before rental start and pickup after rental end count as one round-trip fee — not split 50/50, and not one-way host delivery with renter return.	Doručení před začátkem půjčky a vyzvednutí po konci je jeden poplatek za cestu tam i zpět — ne 50/50 a ne jednosměrné doručení hostitelem s návratem nájemcem.	
09 · List item wizard	listing.pickup.estimate	string	Estimate	Odhad	
09 · List item wizard	listing.pickup.estimateBase	string	Base	Základ	
09 · List item wizard	listing.pickup.estimateBody	string	This is a demo calculator. Only use it if it matches what you want to charge.	Toto je demo kalkulačka. Použijte ji jen tehdy, když odpovídá tomu, co chcete účtovat.	
09 · List item wizard	listing.pickup.estimateHeavy	string	Heavy item surcharge	Příplatek za těžkou položku	
09 · List item wizard	listing.pickup.estimateNoSurcharge	string	(no surcharge)	(bez příplatku)	
09 · List item wizard	listing.pickup.estimatePerMile	string	Per-mile (round trip)	Za míli (tam i zpět)	
09 · List item wizard	listing.pickup.estimateTitle	string	Delivery estimate (optional)	Odhad doručení (volitelné)	
09 · List item wizard	listing.pickup.heavyItem	string	Heavy item (over 50 lb)	Těžká položka (nad 50 lb)	
09 · List item wizard	listing.pickup.iCanDeliver	string	I can deliver	Mohu doručit	
09 · List item wizard	listing.pickup.iCanDeliverDesc	string	Round-trip delivery before start & after end	Doručení tam i zpět před začátkem a po konci	
09 · List item wizard	listing.pickup.inPerson	string	In-person pickup	Osobní vyzvednutí	
09 · List item wizard	listing.pickup.inPersonDesc	string	Meet renter at your location	Sejděte se s nájemcem u vás	
09 · List item wizard	listing.pickup.maxDistance	string	Max distance	Max. vzdálenost	
09 · List item wizard	listing.pickup.milesRoundTrip	string	miles (round trip)	mil (tam i zpět)	
09 · List item wizard	listing.pickup.pickHandoffHint	string	Pick at least one handoff option.	Vyberte alespoň jednu možnost předání.	
09 · List item wizard	listing.pickup.privacyAddress	string	Exact address is shared only with your confirmed renter — not on the public listing.	Přesná adresa se sdílí jen s potvrzeným nájemcem — ne na veřejné nabídce.	
09 · List item wizard	listing.pickup.privacyInstructions	string	Step-by-step access instructions and codes unlock at check-in with PIN — not before.	Pokyny k přístupu a kódy se odemknou při check-inu s PIN — ne dřív.	
09 · List item wizard	listing.pickup.privacyTitle	string	Two layers of privacy	Dvě vrstvy soukromí	
09 · List item wizard	listing.pickup.roundTripFee	string	Round-trip delivery fee	Poplatek za doručení tam i zpět	
09 · List item wizard	listing.pickup.subtitle	string	How renters get the item. Set your usual availability in the next step.	Jak nájemci získají věc. Obvyklou dostupnost nastavíte v dalším kroku.	
09 · List item wizard	listing.pickup.suggestedTotal	string	Suggested total	Navrhovaný součet	
09 · List item wizard	listing.pickup.title	string	Pickup & delivery	Vyzvednutí a doručení	
09 · List item wizard	listing.pickup.useThisPrice	string	Use this price	Použít tuto cenu	
09 · List item wizard	listing.pickup.usingEnteredFee	string	Using your entered fee (estimate is optional).	Používáte zadaný poplatek (odhad je volitelný).	
09 · List item wizard	listing.pickup.weightLbs	string	Weight (lbs)	Hmotnost (lb)	
09 · List item wizard	listing.pickup.weightPlaceholder	string	e.g. 85	např. 85	
09 · List item wizard	listing.pickup.weightRequired	string	 — required for delivery	 — povinné pro doručení	
09 · List item wizard	listing.published	string	Published	Zveřejněno	
09 · List item wizard	listing.qr.afterPublishing	string	After publishing you can:	Po zveřejnění můžete:	
09 · List item wizard	listing.qr.emailPrint	string	📧 Email it to yourself and print later	📧 Poslat e-mailem sobě a vytisknout později	
09 · List item wizard	listing.qr.printBulk	string	📄 Print single now, or print in bulk once all items are ready	📄 Vytisknout jeden teď, nebo hromadně, až budou všechny položky hotové	
09 · List item wizard	listing.qr.printLabel	string	🖨️ Print on an Avery-compatible self-adhesive label sheet — or regular paper + clear tape on top	🖨️ Vytisknout na Avery samolepicí štítky — nebo obyčejný papír + čirou pásku	
09 · List item wizard	listing.qr.publishBeforePrint	string	Your listing goes live with a QR ready. Print stickers later — or in bulk — and use the code at handoff when a rental starts.	Nabídka jde živě s připraveným QR. Nálepky vytisknete později — nebo hromadně — a kód použijete při předání na začátku půjčky.	
09 · List item wizard	listing.qr.requiredBody	string	It keeps every handoff traceable, improves security, and supports deposit protection if something goes wrong.	Každé předání je dohledatelné, zlepšuje bezpečnost a podporuje ochranu kauce, když se něco pokazí.	
09 · List item wizard	listing.qr.requiredTitle	string	QR code is required	QR kód je povinný	
09 · List item wizard	listing.qr.subtitle	string	A unique QR code identifies your item and confirms every handoff.	Jedinečný QR kód identifikuje položku a potvrzuje každé předání.	
09 · List item wizard	listing.qr.tip	string	The QR improves security and traceability: every pickup/return scan creates a timestamped record for both sides.	QR zlepšuje bezpečnost a dohledatelnost: každý scan při vyzvednutí/vrácení vytvoří časový záznam pro obě strany.	
09 · List item wizard	listing.qr.title	string	Make it trackable	Udělejte ji sledovatelnou	
09 · List item wizard	listing.qrSetup	string	QR setup	Nastavení QR	
09 · List item wizard	listing.returnToPreviousQr	string	You can return to your previous QR setup anytime.	K předchozímu nastavení QR se můžete kdykoli vrátit.	
09 · List item wizard	listing.review.availableDefault	string	Available · Mon–Fri 9am–5pm	Dostupné · Po–Pá 9:00–17:00	
09 · List item wizard	listing.review.free	string	Free	Zdarma	
09 · List item wizard	listing.review.freeGiveaway	string	Free giveaway	Dar zdarma	
09 · List item wizard	listing.review.goPublicCta	string	Go public →	Jít veřejně →	
09 · List item wizard	listing.review.handoffAdjustHint	string	Pickup hours and delivery — adjust after publishing in My Garage.	Hodiny vyzvednutí a doručení — upravíte po zveřejnění v Moje garáž.	
09 · List item wizard	listing.review.handoffContactless	string	Contactless	Bezkontaktně	
09 · List item wizard	listing.review.handoffDelivery()	fn	Delivery ≤{{1}} mi · $undefined round tripundefined	Doručení ≤{{1}} mi · $undefined tam i zpětundefined	
09 · List item wizard	listing.review.handoffDeliveryNoFee()	fn	Delivery ≤{{1}} miundefined	Doručení ≤{{1}} miundefined	
09 · List item wizard	listing.review.handoffHeavy	string	Heavy item	Těžká položka	
09 · List item wizard	listing.review.handoffInPerson	string	In-person	Osobně	
09 · List item wizard	listing.review.handoffNotSet	string	Not set	Nenastaveno	
09 · List item wizard	listing.review.modes	string	Modes	Režimy	
09 · List item wizard	listing.review.nearby	string	nearby	poblíž	
09 · List item wizard	listing.review.opening	string	Opening…	Otevírám…	
09 · List item wizard	listing.review.paused	string	Paused	Pozastaveno	
09 · List item wizard	listing.review.priceSet	string	Price set	Cena nastavena	
09 · List item wizard	listing.review.ratePerDay()	fn	{{1}}/day	{{1}}/den	
09 · List item wizard	listing.review.rateSet	string	Rate set	Sazba nastavena	
09 · List item wizard	listing.review.rent	string	Rent	Půjčit	
09 · List item wizard	listing.review.saveChanges	string	Save changes	Uložit změny	
09 · List item wizard	listing.review.saving	string	Saving...	Ukládám...	
09 · List item wizard	listing.review.sell	string	Sell	Prodat	
09 · List item wizard	listing.review.subtitle	string	This is how renters will see your listing.	Takto uvidí nabídku nájemci.	
09 · List item wizard	listing.review.tipEditing	string	Review your changes, then save — your QR and listing status stay as they are.	Zkontrolujte změny a uložte — QR a stav nabídky zůstanou jak jsou.	
09 · List item wizard	listing.review.tipNew	string	Next: sign in to publish. Connecting a bank (via Stripe) is optional — do it when you want to receive card payments.	Další: přihlášení a publikace. Připojení banky (přes Stripe) je volitelné — až budete chtít přijímat platby kartou.	
09 · List item wizard	listing.review.title	string	Ready to go live?	Připraveni jít živě?	
09 · List item wizard	listing.review.untitled	string	Untitled item	Bez názvu	
09 · List item wizard	listing.saved	string	Saved	Uloženo	
09 · List item wizard	listing.savedFinishQr	string	Live — print stickers anytime from My Garage	Živě — nálepky vytisknete kdykoli z Garáže	
09 · List item wizard	listing.sellerSetup	string	Seller setup	Nastavení prodejce	
09 · List item wizard	listing.stepOf()	fn	Step {{1}} of undefined	Krok {{1}} z undefined	
09 · List item wizard	listing.steps.detailsPricing	string	Details & pricing	Detaily a ceny	
09 · List item wizard	listing.steps.photos	string	Photos	Fotky	
09 · List item wizard	listing.steps.reviewPublish	string	Review & publish	Kontrola a zveřejnění	
09 · List item wizard	listing.success.backToListings	string	Back to my listings	Zpět na moje nabídky	
09 · List item wizard	listing.success.isOn	string	is on	je na	
09 · List item wizard	listing.success.payoutNudgeBody	string	Neighbors can see your listing. Connect finances when you want card payments to reach your bank.	Sousedé už nabídku vidí. Připojte finance, až budete chtít, aby platby kartou šly na váš účet.	
09 · List item wizard	listing.success.payoutNudgeCta	string	Connect finances	Připojit finance	
09 · List item wizard	listing.success.payoutNudgeTitle	string	Ready to get paid?	Chcete dostat zaplaceno?	
09 · List item wizard	listing.success.previewAsNeighbor	string	Preview as a neighbor	Náhled jako soused	
09 · List item wizard	listing.success.shareListing	string	Share listing	Sdílet nabídku	
09 · List item wizard	listing.success.title	string	You're live!	Jste živě!	
10 · Address picker	addressPicker.anyState	string	Any state	Libovolný stát	
10 · Address picker	addressPicker.changeAddress	string	Change address	Změnit adresu	
10 · Address picker	addressPicker.country	string	Country	Země	
10 · Address picker	addressPicker.fullAddressOptional	string	Full address optional — ZIP or city works too	Celá adresa je volitelná — stačí PSČ nebo město	
10 · Address picker	addressPicker.hide	string	Hide	Skrýt	
10 · Address picker	addressPicker.listingsNearZip	string	Listings shown near this ZIP or city	Nabídky poblíž tohoto PSČ nebo města	
10 · Address picker	addressPicker.narrowToState	string	Narrow search to a state (recommended)	Zúžit hledání na stát (doporučeno)	
10 · Address picker	addressPicker.needsStateHint	string	Select your state above — otherwise short street names match many places across the US.	Vyberte výše stát — jinak krátké názvy ulic najdou spoustu míst napříč USA.	
10 · Address picker	addressPicker.nothingFound()	fn	Nothing found. Try {{1}} in undefined undefined.	Nic nenalezeno. Zkuste {{1}} v undefined undefined.	
10 · Address picker	addressPicker.rentalsSortedNearest	string	Rentals sorted nearest to this spot	Půjčky seřazené od nejbližšího místa	
10 · Address picker	addressPicker.searching	string	Searching city and postal database…	Prohledávám databázi měst a PSČ…	
10 · Address picker	addressPicker.searchingInCountry()	fn	Searching in {{1}} undefined — e.g. undefined	Hledám v {{1}} undefined — např. undefined	
10 · Address picker	addressPicker.searchingInState()	fn	Searching in {{1}} — include ZIP when possible	Hledám v {{1}} — pokud možno uveďte PSČ	
10 · Address picker	addressPicker.show	string	Show	Zobrazit	
10 · Address picker	addressPicker.suggestionsAria	string	Address suggestions	Návrhy adres	
10 · Address picker	addressPicker.zipOrCityExample()	fn	ZIP or city — e.g. {{1}}	PSČ nebo město — např. {{1}}	
10 · Host listing manage	hostListing.addToBulk	string	Add to bulk	Přidat do hromadného	
10 · Host listing manage	hostListing.availabilityTimesHint	string	Format: weekdayStart,weekdayEnd,weekendStart,weekendEnd (HH:MM).	Formát: začátekVšední,konecVšední,začátekVíkend,konecVíkend (HH:MM).	
10 · Host listing manage	hostListing.availabilityTimesValue()	fn	Weekdays {{1}} · Weekend undefined	Všední dny {{1}} · Víkend undefined	
10 · Host listing manage	hostListing.back	string	Back	Zpět	
10 · Host listing manage	hostListing.bulkPrint()	fn	🖨️ Bulk print ({{1}})	🖨️ Hromadný tisk ({{1}})	
10 · Host listing manage	hostListing.cancel	string	Cancel	Zrušit	
10 · Host listing manage	hostListing.clearBulkQueue	string	Clear bulk queue	Vymazat hromadnou frontu	
10 · Host listing manage	hostListing.dailyPriceRequired	string	Daily price is required.	Denní cena je povinná.	
10 · Host listing manage	hostListing.deleteConfirm	string	Delete permanently? This cannot be undone.	Smazat natrvalo? Tuto akci nelze vrátit.	
10 · Host listing manage	hostListing.deleteFailed	string	Could not delete listing. Try again.	Nabídku se nepodařilo smazat. Zkuste znovu.	
10 · Host listing manage	hostListing.deleteListing	string	Delete listing	Smazat nabídku	
10 · Host listing manage	hostListing.deleting	string	Deleting…	Mažu…	
10 · Host listing manage	hostListing.deliveryAvailable	string	Available	Dostupné	
10 · Host listing manage	hostListing.deliveryNone	string	None	Žádné	
10 · Host listing manage	hostListing.descriptionPlaceholder	string	Describe the item, what's included, and any rules.	Popište věc, co je v ceně a případná pravidla.	
10 · Host listing manage	hostListing.details	string	Details	Podrobnosti	
10 · Host listing manage	hostListing.editAria()	fn	Edit {{1}}	Upravit {{1}}	
10 · Host listing manage	hostListing.editDailyPrice	string	Daily price	Denní cena	
10 · Host listing manage	hostListing.editMinimumRental	string	Minimum rental	Minimální půjčka	
10 · Host listing manage	hostListing.editTitle()	fn	Edit {{1}}	Upravit {{1}}	
10 · Host listing manage	hostListing.enterNumber	string	Enter a number.	Zadejte číslo.	
10 · Host listing manage	hostListing.enterValidNumber	string	Enter a valid number.	Zadejte platné číslo.	
10 · Host listing manage	hostListing.errorNoBulkItems	string	No items in bulk queue yet.	Ve hromadné frontě zatím nic není.	
10 · Host listing manage	hostListing.errorPdfGenerate	string	Could not generate PDF. Please try again.	PDF se nepodařilo vytvořit. Zkuste to znovu.	
10 · Host listing manage	hostListing.fullEdit	string	Full edit	Úplná úprava	
10 · Host listing manage	hostListing.labelAvailabilityDays	string	Availability days	Dny dostupnosti	
10 · Host listing manage	hostListing.labelAvailabilityTimes	string	Availability times	Časy dostupnosti	
10 · Host listing manage	hostListing.labelCategory	string	Category	Kategorie	
10 · Host listing manage	hostListing.labelCity	string	City	Město	
10 · Host listing manage	hostListing.labelDailyPrice	string	Daily price	Denní cena	
10 · Host listing manage	hostListing.labelDeliveryFee	string	Delivery fee	Poplatek za doručení	
10 · Host listing manage	hostListing.labelDeliveryMaxMiles	string	Delivery max miles	Doručení max. mil	
10 · Host listing manage	hostListing.labelDeliverySummary	string	Delivery (summary)	Doručení (souhrn)	
10 · Host listing manage	hostListing.labelLongTerm	string	Long-term (30+ days)	Dlouhodobě (30+ dní)	
10 · Host listing manage	hostListing.labelMinimumRental	string	Minimum rental	Minimální půjčka	
10 · Host listing manage	hostListing.labelTerms	string	Terms	Podmínky	
10 · Host listing manage	hostListing.labelTitle	string	Title	Název	
10 · Host listing manage	hostListing.labelWeight	string	Weight (lbs)	Hmotnost (lb)	
10 · Host listing manage	hostListing.listingTitle	string	Listing	Nabídka	
10 · Host listing manage	hostListing.loading	string	Loading listing…	Načítám nabídku…	
10 · Host listing manage	hostListing.longTermEnabled	string	Enabled	Zapnuto	
10 · Host listing manage	hostListing.longTermMonthly()	fn	${{1}}/mo	${{1}}/měs.	
10 · Host listing manage	hostListing.manage	string	Manage	Správa	
10 · Host listing manage	hostListing.manageHint	string	Pause hides this item from browse without deleting. Delete removes it from your garage and the server.	Pozastavení skryje položku z procházení bez smazání. Smazání ji odstraní z garáže i ze serveru.	
10 · Host listing manage	hostListing.mustBeZeroOrMore	string	Must be 0 or more.	Musí být 0 nebo více.	
10 · Host listing manage	hostListing.noPermission	string	You do not have permission to manage this listing.	Nemáte oprávnění spravovat tuto nabídku.	
10 · Host listing manage	hostListing.notFound	string	Listing not found.	Nabídka nenalezena.	
10 · Host listing manage	hostListing.notSet	string	Not set	Nenastaveno	
10 · Host listing manage	hostListing.pauseListing	string	Pause listing	Pozastavit nabídku	
10 · Host listing manage	hostListing.placeholderAvailabilityTimes	string	09:00,17:00,10:00,14:00	09:00,17:00,10:00,14:00	
10 · Host listing manage	hostListing.placeholderTitle	string	Listing title	Název nabídky	
10 · Host listing manage	hostListing.placeholderValue	string	Enter a value	Zadejte hodnotu	
10 · Host listing manage	hostListing.printThisQr	string	🖨️ Print this QR	🖨️ Vytisknout tento QR	
10 · Host listing manage	hostListing.qrAlt	string	QR code	QR kód	
10 · Host listing manage	hostListing.qrForListing	string	QR for this listing	QR pro tuto nabídku	
10 · Host listing manage	hostListing.removeFromBulk	string	Remove from bulk	Odebrat z hromadného	
10 · Host listing manage	hostListing.save	string	Save	Uložit	
10 · Host listing manage	hostListing.saving	string	Saving…	Ukládám…	
10 · Host listing manage	hostListing.statusPaused	string	Paused	Pozastaveno	
10 · Host listing manage	hostListing.timesFormatError	string	Enter 4 comma-separated times.	Zadejte 4 časy oddělené čárkou.	
10 · Host listing manage	hostListing.timesHhMmError	string	Times must be in HH:MM format (e.g. 09:00).	Časy musí být ve formátu HH:MM (např. 09:00).	
10 · Host listing manage	hostListing.titleRequired	string	Title is required.	Název je povinný.	
10 · Host listing manage	hostListing.unpauseListing	string	Unpause listing	Znovu aktivovat nabídku	
10 · Host listing manage	hostListing.yesDelete	string	Yes, delete	Ano, smazat	
11 · My Garage	garage.subtitle	string	Your household storefront	Výloha vaší domácnosti	
11 · My Garage	garage.title	string	My Garage	Moje garáž	
11 · My Garage	garageUi.activeRentals	string	Active rentals	Aktivní půjčky	
11 · My Garage	garageUi.earnings	string	Earnings	Výdělky	
11 · My Garage	garageUi.finishPublishingBody()	fn	You left {{1}} on step undefined. Tap to pick up where you stopped.	Nechali jste {{1}} na kroku undefined. Klepnutím pokračujte tam, kde jste skončili.	
11 · My Garage	garageUi.finishPublishingTitle	string	Finish publishing?	Dokončit publikování?	
11 · My Garage	garageUi.garageLiveShareBody	string	Post your showcase to Nextdoor or Facebook so neighbors know you're open for rentals.	Přidejte vitrínu na Nextdoor nebo Facebook, ať sousedé vědí, že půjčujete.	
11 · My Garage	garageUi.garageLiveShareTitle	string	Your garage is live — share it	Vaše garáž je živá — sdílejte ji	
11 · My Garage	garageUi.itemFallback	string	Item	Položka	
11 · My Garage	garageUi.live	string	Live	Živé	
11 · My Garage	garageUi.loading	string	Loading your garage…	Načítám vaši garáž…	
11 · My Garage	garageUi.lookAccent	string	Accent color	Barva	
11 · My Garage	garageUi.lookHide	string	Hide garage look	Skrýt vzhled garáže	
11 · My Garage	garageUi.lookHint	string	Personal vs pro colors, plus an optional shop name.	Osobní vs pro barvy a volitelný název obchodu.	
11 · My Garage	garageUi.lookPersonal	string	Personal	Osobní	
11 · My Garage	garageUi.lookPro	string	Pro	Pro	
11 · My Garage	garageUi.lookShopName	string	Shop name	Název obchodu	
11 · My Garage	garageUi.lookShopNamePlaceholder	string	e.g. Pochvalov Tools	např. Pochvalov Tools	
11 · My Garage	garageUi.lookShow	string	Garage look · personal / pro	Vzhled garáže · osobní / pro	
11 · My Garage	garageUi.lookTitle	string	How your garage stands out	Jak vaše garáž vynikne	
11 · My Garage	garageUi.needsQr	string	Print sticker	Vytisknout QR	
11 · My Garage	garageUi.newListing	string	New	Nová	
11 · My Garage	garageUi.noListingsBodyAfter	string	above.	výše.	
11 · My Garage	garageUi.noListingsBodyBefore	string	Publish from a category when you are ready — or tap	Až budete připraveni, publikujte z kategorie — nebo klepněte na	
11 · My Garage	garageUi.noListingsYet	string	No listings yet	Zatím žádné nabídky	
11 · My Garage	garageUi.noneYet	string	None yet	Zatím nic	
11 · My Garage	garageUi.openListingAria()	fn	Open {{1}} listing details	Otevřít detail nabídky {{1}}	
11 · My Garage	garageUi.openShareSheet	string	Open share sheet	Otevřít sdílení	
11 · My Garage	garageUi.pendingBookingRequests	string	Pending booking requests	Čekající žádosti o půjčku	
11 · My Garage	garageUi.previewNeighbor	string	Neighbor view	Pohled souseda	
11 · My Garage	garageUi.resumeDraft	string	Resume draft	Pokračovat v konceptu	
11 · My Garage	garageUi.share	string	Share	Sdílet	
11 · My Garage	garageUi.shareGarage	string	Share garage	Sdílet garáž	
11 · My Garage	garageUi.shareShowcaseBody	string	Story format for TikTok & Instagram · landscape for Facebook & Nextdoor.	Formát Stories pro TikTok a Instagram · na šířku pro Facebook a Nextdoor.	
11 · My Garage	garageUi.shareShowcaseTitle	string	Share your garage showcase	Sdílejte vitrínu své garáže	
11 · My Garage	garageUi.shop	string	Shop	Obchod	
11 · My Garage	garageUi.statusAvailable	string	Available	Dostupné	
11 · My Garage	garageUi.statusAwaitingOk	string	Awaiting your OK	Čeká na váš souhlas	
11 · My Garage	garageUi.statusCompleted	string	Completed	Dokončeno	
11 · My Garage	garageUi.statusHandedOver	string	Handed over	Předáno	
11 · My Garage	garageUi.statusNeedsQr	string	Print sticker when ready	Vytiskněte nálepku, až budete připraveni	
11 · My Garage	garageUi.statusOutWithNeighbor	string	Out with neighbor	U souseda	
11 · My Garage	garageUi.statusOverdue	string	Overdue	Po termínu	
11 · My Garage	garageUi.statusPaused	string	Paused	Pozastaveno	
11 · My Garage	garageUi.statusPendingPayment	string	Pending payment	Čeká na platbu	
11 · My Garage	garageUi.statusReadyPickup	string	Ready for pickup	Připraveno k vyzvednutí	
11 · My Garage	garageUi.statusReserved	string	Reserved	Rezervováno	
11 · My Garage	garageUi.statusReturnPendingYou	string	Return — confirm acceptance	Vrácení — potvrďte přijetí	
11 · My Garage	garageUi.statusSold	string	Sold	Prodáno	
11 · My Garage	garageUi.statusWaitingYourHandover	string	Waiting for your hand-over	Čeká na vaše předání	
11 · My Garage	garageUi.yourListings	string	Your listings	Vaše nabídky	
12 · Request booking	booking.approvedBody()	fn	{{1}} is confirmed — open Rentals for pickup PIN and details.	{{1}} je potvrzena — otevřete Půjčky pro PIN k vyzvednutí a detaily.	
12 · Request booking	booking.approvedTitle	string	Booking approved	Rezervace schválena	
12 · Request booking	booking.authorizeDepositFooter	string	Authorize the deposit hold above to finish your request.	Autorizujte blokaci kauce výše a dokončete žádost.	
12 · Request booking	booking.backToDetails	string	Back to booking details	Zpět na detaily rezervace	
12 · Request booking	booking.backToHome	string	Back to Home	Zpět na Domů	
12 · Request booking	booking.cancelledBody()	fn	The renter cancelled their request for {{1}}.	Nájemce zrušil žádost o {{1}}.	
12 · Request booking	booking.cancelledTitle	string	Booking request cancelled	Žádost o rezervaci zrušena	
12 · Request booking	booking.captureFailed	string	Could not capture payment. Try again or contact support.	Platbu se nepodařilo zachytit. Zkuste to znovu nebo kontaktujte podporu.	
12 · Request booking	booking.cardPayment	string	Card payment	Platba kartou	
12 · Request booking	booking.completePaymentFooter	string	Complete card payment above to submit your booking request.	Dokončete platbu kartou výše a odešlete žádost o rezervaci.	
12 · Request booking	booking.confirmedBody	string	The owner gets notified and will confirm availability. You'll see status updates in Rentals.	Majitel dostane oznámení a potvrdí dostupnost. Stav uvidíte v Půjčkách.	
12 · Request booking	booking.confirmedTitle	string	Booking request sent	Žádost o rezervaci odeslána	
12 · Request booking	booking.continueToPay()	fn	Continue to pay · ${{1}}	Pokračovat k platbě · ${{1}}	
12 · Request booking	booking.datesBlocked	string	These dates overlap blocked availability on the listing.	Tato data se překrývají se zablokovanou dostupností nabídky.	
12 · Request booking	booking.days()	fn	{{1}} days	{{1}} dní	
12 · Request booking	booking.declinedBody()	fn	Your request for {{1}} was declined. undefined	Vaše žádost o {{1}} byla odmítnuta. undefined	
12 · Request booking	booking.declinedTitle	string	Request declined	Žádost odmítnuta	
12 · Request booking	booking.deliveryAddress	string	Delivery address	Adresa doručení	
12 · Request booking	booking.deliveryAddressPlaceholder	string	Street, city, ZIP	Ulice, město, PSČ	
12 · Request booking	booking.deliveryFeeNote	string	Round-trip delivery is one fee for drop-off before your rental starts and pickup after it ends.	Doručení tam i zpět je jeden poplatek za dovezení před začátkem půjčky a vyzvednutí po konci.	
12 · Request booking	booking.deliveryMiles()	fn	Delivery · {{1}} mi	Doručení · {{1}} mi	
12 · Request booking	booking.deliveryRoundTrip	string	Round-trip delivery	Doručení tam i zpět	
12 · Request booking	booking.deliveryRoundTripDesc	string	Host delivers before start and picks up after end	Hostitel doručí před začátkem a vyzvedne po konci	
12 · Request booking	booking.depositHoldBody()	fn	We'll authorize {{1}} on your card. The hold is released when the owner confirms the item was returned in good condition.	Autorizujeme {{1}} na kartě. Blokace se uvolní, když majitel potvrdí vrácení v pořádku.	
12 · Request booking	booking.depositHoldNote()	fn	{{1}}. A undefined card hold may be authorized after rental payment — released when the item is returned.	{{1}}. Po platbě půjčky může být autorizována blokace karty undefined — uvolní se při vrácení.	
12 · Request booking	booking.depositHoldTitle()	fn	{{1}} hold	Blokace {{1}}	
12 · Request booking	booking.failedToSave	string	Failed to save booking	Rezervaci se nepodařilo uložit	
12 · Request booking	booking.goBack	string	Go back	Zpět	
12 · Request booking	booking.heavyItem	string	Heavy item	Těžká položka	
12 · Request booking	booking.hostFallback	string	Host	Hostitel	
12 · Request booking	booking.hostMinimum()	fn	Host minimum: {{1}}	Minimum hostitele: {{1}}	
12 · Request booking	booking.howWantItem	string	How do you want the item?	Jak chcete položku získat?	
12 · Request booking	booking.itemFallback	string	Item	Položka	
12 · Request booking	booking.loading	string	Loading booking…	Načítám rezervaci…	
12 · Request booking	booking.longTermTip	string	Tip: pick 30+ days to see monthly pricing.	Tip: zvolte 30+ dní pro měsíční cenu.	
12 · Request booking	booking.newRequestBody()	fn	Someone wants to rent your {{1}}.	Někdo chce půjčit vaši položku {{1}}.	
12 · Request booking	booking.newRequestTitle	string	New booking request	Nová žádost o rezervaci	
12 · Request booking	booking.notFound	string	Listing not found	Nabídka nenalezena	
12 · Request booking	booking.pickupContactless	string	Contactless pickup	Bezkontaktní vyzvednutí	
12 · Request booking	booking.pickupContactlessDesc	string	Lockbox or porch — codes unlock at check-in	Schránka nebo veranda — kódy se odemknou při check-inu	
12 · Request booking	booking.pickupInPerson	string	In-person pickup	Osobní vyzvednutí	
12 · Request booking	booking.pickupInPersonDesc	string	Meet the host at their location	Sejděte se s hostitelem na místě	
12 · Request booking	booking.pickupStartDate	string	Pickup start date	Datum začátku vyzvednutí	
12 · Request booking	booking.preparing	string	Preparing…	Připravuji…	
12 · Request booking	booking.ref()	fn	Ref #{{1}}	Ref #{{1}}	
12 · Request booking	booking.refundNoteNone	string	No payment was charged for this request.	Za tuto žádost nebyla stržena žádná platba.	
12 · Request booking	booking.refundNotePayment	string	Any authorized payment will be released — refunds may take a few business days.	Jakákoli autorizovaná platba bude uvolněna — refundace mohou trvat několik pracovních dní.	
12 · Request booking	booking.rentalLength	string	Rental length	Délka půjčky	
12 · Request booking	booking.sendRequest()	fn	Send booking request · ${{1}}	Odeslat žádost o rezervaci · ${{1}}	
12 · Request booking	booking.title	string	Request booking	Požádat o rezervaci	
12 · Request booking	booking.total()	fn	Total ${{1}}	Celkem ${{1}}	
12 · Request booking	booking.viewRentals	string	View Rentals	Zobrazit půjčky	
12 · Request booking	booking.withHost()	fn	with {{1}}	s {{1}}	
13 · Rentals list	rentals.emptyActiveBody	string	When you pick up an item or host a booking, it shows here with live timers and trust badges.	Když vyzvednete věc nebo hostíte rezervaci, uvidíte ji tady s živými časovači a odznaky důvěry.	
13 · Rentals list	rentals.emptyActiveTitle	string	No active rentals	Žádné aktivní půjčky	
13 · Rentals list	rentals.emptyHistoryBody	string	Completed, cancelled, and resolved no-show bookings are kept here.	Dokončené, zrušené a vyřešené no-show rezervace zůstávají tady.	
13 · Rentals list	rentals.emptyHistoryTitle	string	No history yet	Zatím žádná historie	
13 · Rentals list	rentals.emptyUpcomingBody	string	Upcoming rentals and hosting handoffs appear here before start date.	Nadcházející půjčky a předání hostitele se tu objeví před datem začátku.	
13 · Rentals list	rentals.emptyUpcomingTitle	string	Nothing scheduled	Nic naplánováno	
13 · Rentals list	rentals.leaveReview	string	Leave review	Napsat recenzi	
13 · Rentals list	rentals.loadMore()	fn	Load more ({{1}} remaining)	Načíst další ({{1}} zbývá)	
13 · Rentals list	rentals.requests	string	Requests	Žádosti	
13 · Rentals list	rentals.reRent	string	Re-rent	Půjčit znovu	
13 · Rentals list	rentals.roleAll	string	All	Vše	
13 · Rentals list	rentals.roleHosting	string	Hosting	Hostuji	
13 · Rentals list	rentals.roleRenting	string	Renting	Půjčuji	
13 · Rentals list	rentals.scanCheckinTitle	string	Scan QR to check in	Naskenujte QR pro check-in	
13 · Rentals list	rentals.searchPlaceholder	string	Search by item name	Hledat podle názvu položky	
13 · Rentals list	rentals.sortAmount	string	Highest amount	Nejvyšší částka	
13 · Rentals list	rentals.sortOldest	string	Oldest	Nejstarší	
13 · Rentals list	rentals.sortRecent	string	Recent	Nejnovější	
13 · Rentals list	rentals.subtitleGuest	string	Your bookings as a renter and host.	Vaše rezervace jako nájemce i hostitel.	
13 · Rentals list	rentals.subtitleHost	string	Hosting and renting — one place for every booking.	Hostování i půjčování — všechna rezervace na jednom místě.	
13 · Rentals list	rentals.tabActive	string	Active	Aktivní	
13 · Rentals list	rentals.tabHistory	string	History	Historie	
13 · Rentals list	rentals.tabUpcoming	string	Upcoming	Nadcházející	
13 · Rentals list	rentals.title	string	Rentals	Půjčky	
13 · Rentals list	rentals.viewDetails	string	View details	Zobrazit detaily	
14 · Active rental / cards	rentalCard.awaitingApproval	string	Awaiting approval	Čeká na schválení	
14 · Active rental / cards	rentalCard.cancelling	string	Cancelling…	Ruším…	
14 · Active rental / cards	rentalCard.cancelRequest	string	Cancel request	Zrušit žádost	
14 · Active rental / cards	rentalCard.cancelRequestRelease	string	Cancel request (release payment)	Zrušit žádost (uvolnit platbu)	
14 · Active rental / cards	rentalCard.escalated	string	Escalated — support reviewing	Eskalováno — podpora kontroluje	
14 · Active rental / cards	rentalCard.expired	string	Expired	Vypršelo	
14 · Active rental / cards	rentalCard.extendBooking	string	Extend booking	Prodloužit rezervaci	
14 · Active rental / cards	rentalCard.hosting	string	Hosting	Hostím	
14 · Active rental / cards	rentalCard.inclDelivery()	fn	· incl. ${{1}} delivery	· vč. ${{1}} doručení	
14 · Active rental / cards	rentalCard.inDispute	string	In dispute	Ve sporu	
14 · Active rental / cards	rentalCard.leaveReview	string	Leave a review	Napsat recenzi	
14 · Active rental / cards	rentalCard.markedAsNoShow	string	Marked as no-show	Označeno jako nedostavení	
14 · Active rental / cards	rentalCard.markNoShow	string	Mark as no-show	Označit jako nedostavení	
14 · Active rental / cards	rentalCard.markNoShowHint	string	Mark as no-show available 60 min after pickup time	Označení nedostavení je k dispozici 60 min po čase vyzvednutí	
14 · Active rental / cards	rentalCard.noPaymentUntilApproved	string	No payment required until the owner approves.	Platba není potřeba, dokud majitel neschválí.	
14 · Active rental / cards	rentalCard.noShow	string	No-show	Nedostavení	
14 · Active rental / cards	rentalCard.overdue	string	Overdue	Po termínu	
14 · Active rental / cards	rentalCard.overdueTimer()	fn	Overdue: {{1}}	Po termínu: {{1}}	
14 · Active rental / cards	rentalCard.ownerRespond24h()	fn	Owner has 24h to respond · {{1}} left	Majitel má 24 h na odpověď · zbývá {{1}}	
14 · Active rental / cards	rentalCard.paymentOnHoldRenter	string	Payment on hold — not charged until approved	Platba je zadržená — nestrhne se, dokud neschválí	
14 · Active rental / cards	rentalCard.rentAgain	string	Rent again	Půjčit znovu	
14 · Active rental / cards	rentalCard.renting	string	Renting	Půjčuji	
14 · Active rental / cards	rentalCard.requestReturn	string	Request return	Požádat o vrácení	
14 · Active rental / cards	rentalCard.returnNow	string	Return now	Vrátit teď	
14 · Active rental / cards	rentalCard.returnsIn()	fn	Returns in: {{1}}	Vrácení za: {{1}}	
14 · Active rental / cards	rentalCard.reviewHelpsTrust	string	Your review helps build trust	Vaše recenze buduje důvěru	
14 · Active rental / cards	rentalCard.runningLate	string	I'm running late	Mám zpoždění	
14 · Active rental / cards	rentalCard.runningLateBody	string	They'll get a push and in-app message. If they reply OK, the no-show timer resets.	Dostanou push a zprávu v aplikaci. Když odpoví OK, časovač nedostavení se resetuje.	
14 · Active rental / cards	rentalCard.runningLateDefault	string	I'm running a bit late, be there soon.	Mám menší zpoždění, brzy budu.	
14 · Active rental / cards	rentalCard.runningLateNotifBody()	fn	{{1}} — tap to acknowledge and pause no-show timer.	{{1}} — klepnutím potvrďte a pozastavte časovač nedostavení.	
14 · Active rental / cards	rentalCard.runningLateNotifTitle	string	Renter running late	Nájemce má zpoždění	
14 · Active rental / cards	rentalCard.runningLateTitle()	fn	Send a message to {{1}}?	Poslat zprávu {{1}}?	
14 · Active rental / cards	rentalCard.seeReview	string	See review	Zobrazit recenzi	
14 · Active rental / cards	rentalCard.stripe	string	Stripe	Stripe	
14 · Active rental / cards	rentalCard.submitEvidence	string	Submit evidence	Odeslat důkazy	
14 · Active rental / cards	rentalCard.total()	fn	${{1}} total	${{1}} celkem	
14 · Active rental / handoff	rentalDetail.addPhoto	string	Add photo	Přidat fotku	
14 · Active rental / handoff	rentalDetail.alreadyConfirmedPickup	string	Already confirmed pickup for this booking.	Vyzvednutí u této rezervace už bylo potvrzeno.	
14 · Active rental / handoff	rentalDetail.alreadyConfirmedReturn	string	Already confirmed return for this booking.	Vrácení u této rezervace už bylo potvrzeno.	
14 · Active rental / handoff	rentalDetail.askHostForPin()	fn	Ask the host for the {{1}} PIN, then enter it after scanning.	Požádejte hostitele o PIN pro {{1}} a zadejte ho po naskenování.	
14 · Active rental / handoff	rentalDetail.askOwner	string	Ask the owner any questions you have	Zeptejte se majitele na cokoli, co potřebujete	
14 · Active rental / handoff	rentalDetail.backToRentals	string	Back to Rentals	Zpět na půjčky	
14 · Active rental / handoff	rentalDetail.beforeCheckIn	string	Before you check in	Než provedete check-in	
14 · Active rental / handoff	rentalDetail.call	string	Call	Volat	
14 · Active rental / handoff	rentalDetail.close	string	Close	Zavřít	
14 · Active rental / handoff	rentalDetail.contactlessAccess	string	Contactless access	Bezhotovostní přístup	
14 · Active rental / handoff	rentalDetail.contactlessBody	string	Step-by-step access instructions and codes unlock at check-in with PIN — not before. Use the pickup address above to get here; scan the item QR when you arrive.	Pokyny a kódy se odemknou až při check-inu s PIN — ne dřív. Použijte adresu výše; po příjezdu naskenujte QR položky.	
14 · Active rental / handoff	rentalDetail.contactlessHostHint	string	Share the pickup PIN only with this renter. They unlock access details during check-in — the address is already visible on their rental screen.	Sdílejte PIN vyzvednutí jen s tímto nájemcem. Detaily přístupu odemknou při check-inu — adresa už na jejich obrazovce je.	
14 · Active rental / handoff	rentalDetail.contactlessRenterHint	string	Tap Scan QR Code, then enter the pickup PIN to view lockbox codes and access steps.	Klepněte na Naskenovat QR kód a zadejte PIN vyzvednutí pro kódy schránky a kroky přístupu.	
14 · Active rental / handoff	rentalDetail.countdownRunning	string	48h window · countdown running	Okno 48 h · odpočet běží	
14 · Active rental / handoff	rentalDetail.depositFrozen	string	Deposit frozen	Záloha zmrazena	
14 · Active rental / handoff	rentalDetail.depositProtection	string	Deposit protection	Ochrana zálohy	
14 · Active rental / handoff	rentalDetail.depositProtectionBody	string	A card hold may cover the security deposit. It is released when the host confirms the item was returned in good condition.	Na kartě může být blokace na bezpečnostní zálohu. Uvolní se, když hostitel potvrdí vrácení v pořádku.	
14 · Active rental / handoff	rentalDetail.disputeEvidence	string	Dispute evidence	Důkazy ke sporu	
14 · Active rental / handoff	rentalDetail.disputeOpened	string	Dispute opened	Spor otevřen	
14 · Active rental / handoff	rentalDetail.disputeWindowLeft()	fn	48h window · {{1}} left	Okno 48 h · zbývá {{1}}	
14 · Active rental / handoff	rentalDetail.dropOff	string	Drop-off:	Doručení:	
14 · Active rental / handoff	rentalDetail.emptyBody	string	No active rental yet. Book something from the feed or check Rentals.	Zatím žádná aktivní půjčka. Rezervujte něco z feedu nebo otevřete Půjčky.	
14 · Active rental / handoff	rentalDetail.evidence	string	Evidence	Důkazy	
14 · Active rental / handoff	rentalDetail.handoffHint	string	QR + PIN — both cabinets must confirm each step.	QR + PIN — oba kabinety potvrzují každý krok.	
14 · Active rental / handoff	rentalDetail.handoffHostAccepted	string	Host accepted return	Hostitel přijal vrácení	
14 · Active rental / handoff	rentalDetail.handoffHostAcceptedWaitingRenter	string	You accepted return. Waiting for the neighbor to confirm return.	Přijali jste vrácení. Čeká se, až soused potvrdí vrácení.	
14 · Active rental / handoff	rentalDetail.handoffHostDoneWaitingRenter	string	Marked handed over. Waiting for the neighbor to confirm receive.	Označeno jako předáno. Čeká se, až soused potvrdí převzetí.	
14 · Active rental / handoff	rentalDetail.handoffHostHanded	string	Host handed over	Hostitel předal	
14 · Active rental / handoff	rentalDetail.handoffRenterDoneWaitingHost	string	Marked received. Waiting for the host to confirm hand-over.	Označeno jako přijato. Čeká se, až hostitel potvrdí předání.	
14 · Active rental / handoff	rentalDetail.handoffRenterReceived	string	Neighbor received	Soused převzal	
14 · Active rental / handoff	rentalDetail.handoffRenterReturned	string	Neighbor returned	Soused vrátil	
14 · Active rental / handoff	rentalDetail.handoffRenterReturnedWaitingHost	string	Marked returned. Waiting for the host to accept.	Označeno jako vráceno. Čeká se, až hostitel přijme.	
14 · Active rental / handoff	rentalDetail.handoffTitle	string	Handoff checklist	Checklist předání	
14 · Active rental / handoff	rentalDetail.handoffWaitingOtherPickup	string	Your side is done — waiting for the other person at pickup.	Vaše strana hotová — čeká se na druhou při vyzvednutí.	
14 · Active rental / handoff	rentalDetail.handoffWaitingOtherReturn	string	Your side is done — waiting for the other person at return.	Vaše strana hotová — čeká se na druhou při vrácení.	
14 · Active rental / handoff	rentalDetail.handoffYourTurn	string	your turn	váš tah	
14 · Active rental / handoff	rentalDetail.hostFallback	string	Host	Hostitel	
14 · Active rental / handoff	rentalDetail.inspectItem	string	Inspect the item for any existing damage	Prohlédněte položku kvůli existujícímu poškození	
14 · Active rental / handoff	rentalDetail.message	string	Message	Zpráva	
14 · Active rental / handoff	rentalDetail.openDisputeBody	string	Upload photo evidence. A 48h countdown is visible to both sides. Deposit is frozen during evidence collection.	Nahrajte fotodůkazy. Odpočet 48 h vidí obě strany. Záloha je během sběru důkazů zmrazená.	
14 · Active rental / handoff	rentalDetail.openDisputeTitle	string	Open a dispute	Otevřít spor	
14 · Active rental / handoff	rentalDetail.openInMaps	string	Open in Maps	Otevřít v Mapách	
14 · Active rental / handoff	rentalDetail.overdueWarning	string	Overdue: late fees may apply. Confirm return as soon as the item is back with the owner.	Po termínu: mohou platit poplatky za zpoždění. Potvrďte vrácení, jakmile je věc zpět u majitele.	
14 · Active rental / handoff	rentalDetail.ownerContact	string	Owner contact	Kontakt majitele	
14 · Active rental / handoff	rentalDetail.phoneSharedAfterCheckin	string	Phone numbers are shared in chat after check-in	Telefonní čísla se sdílejí v chatu po check-inu	
14 · Active rental / handoff	rentalDetail.pickupConfirmed	string	Pickup confirmed. Your rental is now active.	Vyzvednutí potvrzeno. Půjčka je teď aktivní.	
14 · Active rental / handoff	rentalDetail.pickupLocation	string	Pickup location	Místo vyzvednutí	
14 · Active rental / handoff	rentalDetail.pickupLocationHostHint	string	Exact address is shared only with your confirmed renter — not on the public listing.	Přesná adresa se sdílí jen s potvrzeným nájemcem — ne na veřejné nabídce.	
14 · Active rental / handoff	rentalDetail.pickupLocationRenterHint	string	This address is only for you as the confirmed renter — it is not shown on the public listing.	Tato adresa je jen pro vás jako potvrzeného nájemce — na veřejné nabídce se neukazuje.	
14 · Active rental / handoff	rentalDetail.pickupPin	string	Pickup PIN	PIN vyzvednutí	
14 · Active rental / handoff	rentalDetail.pinShareHint	string	Share this PIN only with the renter on this booking.	Sdílejte tento PIN jen s nájemcem této rezervace.	
14 · Active rental / handoff	rentalDetail.pinStagePickup	string	pickup	vyzvednutí	
14 · Active rental / handoff	rentalDetail.pinStageReturn	string	return	vrácení	
14 · Active rental / handoff	rentalDetail.rentalItemFallback	string	Rental item	Půjčená položka	
14 · Active rental / handoff	rentalDetail.rentalPeriod()	fn	Rental period: {{1}} – undefined	Období půjčky: {{1}} – undefined	
14 · Active rental / handoff	rentalDetail.renterContact	string	Renter contact	Kontakt nájemce	
14 · Active rental / handoff	rentalDetail.renterFallback	string	Renter	Nájemce	
14 · Active rental / handoff	rentalDetail.returnConfirmed	string	Return confirmed. Thanks!	Vrácení potvrzeno. Díky!	
14 · Active rental / handoff	rentalDetail.returnPin	string	Return PIN	PIN vrácení	
14 · Active rental / handoff	rentalDetail.reviewReturnDate	string	Review the return date and location	Zkontrolujte datum a místo vrácení	
14 · Active rental / handoff	rentalDetail.roundTripDelivery	string	Round-trip delivery	Doručení tam i zpět	
14 · Active rental / handoff	rentalDetail.roundTripDeliveryBody	string	One delivery fee covers bringing the item before the rental starts and picking it up after it ends — not split 50/50 and not one-way host delivery with renter return.	Jeden poplatek za doručení pokrývá dovoz před začátkem půjčky a vyzvednutí po skončení — ne půl napůl a ne jednosměrné doručení hostitelem.	
14 · Active rental / handoff	rentalDetail.roundTripDeliveryFee()	fn	Round-trip delivery: ${{1}}	Doručení tam i zpět: ${{1}}	
14 · Active rental / handoff	rentalDetail.scanAcceptReturn	string	Accept the return	Přijmout vrácení	
14 · Active rental / handoff	rentalDetail.scanAcceptReturnBody	string	Scan the item QR and enter the return PIN to accept the return and close the rental.	Naskenujte QR a zadejte PIN vrácení — přijmete vrácení a uzavřete půjčku.	
14 · Active rental / handoff	rentalDetail.scanCheckIn	string	Scan to check in	Naskenovat pro check-in	
14 · Active rental / handoff	rentalDetail.scanCheckInBody	string	Find the QR code on the item and scan it to confirm pickup. You’ll also need the 6‑digit pickup PIN.	Najděte QR kód na položce a naskenujte ho pro potvrzení vyzvednutí. Budete potřebovat i 6místný PIN.	
14 · Active rental / handoff	rentalDetail.scanHandOver	string	Hand over the item	Předat věc	
14 · Active rental / handoff	rentalDetail.scanHandOverBody	string	Scan the item QR and enter the pickup PIN to mark it handed over. The rental goes active when the neighbor also confirms receive.	Naskenujte QR a zadejte PIN vyzvednutí — označíte předání. Aktivní bude po potvrzení souseda.	
14 · Active rental / handoff	rentalDetail.scanQrCode	string	📷 Scan QR Code	📷 Naskenovat QR kód	
14 · Active rental / handoff	rentalDetail.scanReceive	string	Confirm you received it	Potvrdit převzetí	
14 · Active rental / handoff	rentalDetail.scanReceiveBody	string	Scan the item QR and enter the pickup PIN to confirm you received it. Both sides must confirm.	Naskenujte QR a zadejte PIN vyzvednutí — potvrďte, že jste věc převzali. Obě strany musí potvrdit.	
14 · Active rental / handoff	rentalDetail.scanReturn	string	Scan to return	Naskenovat pro vrácení	
14 · Active rental / handoff	rentalDetail.scanReturnBody	string	Scan the item QR to confirm return. You’ll also need the 6‑digit return PIN.	Naskenujte QR položky pro potvrzení vrácení. Budete potřebovat i 6místný PIN pro vrácení.	
14 · Active rental / handoff	rentalDetail.scanReturnItem	string	Return the item	Vrátit věc	
14 · Active rental / handoff	rentalDetail.scanReturnItemBody	string	Scan the item QR and enter the return PIN when you give the item back. The host still needs to accept.	Naskenujte QR a zadejte PIN vrácení, když věc vracíte. Hostitel ještě musí přijmout.	
14 · Active rental / handoff	rentalDetail.security	string	Security	Zabezpečení	
14 · Active rental / handoff	rentalDetail.securityBody	string	QR is tied to the physical item. Confirmation requires a stage-specific PIN to prevent random scans.	QR je vázané na fyzickou položku. Potvrzení vyžaduje PIN pro danou fázi, aby se zabránilo náhodným skenům.	
14 · Active rental / handoff	rentalDetail.startDispute	string	Start dispute	Zahájit spor	
14 · Active rental / handoff	rentalDetail.statusActive	string	Out with neighbor	U souseda	
14 · Active rental / handoff	rentalDetail.statusBooking	string	Booking	Rezervace	
14 · Active rental / handoff	rentalDetail.statusCompleted	string	Returned	Vráceno	
14 · Active rental / handoff	rentalDetail.statusHandedOver	string	Handed over — waiting receive	Předáno — čeká na převzetí	
14 · Active rental / handoff	rentalDetail.statusOverdue	string	Overdue	Po termínu	
14 · Active rental / handoff	rentalDetail.statusPendingCheckin	string	Pending check-in	Čeká na check-in	
14 · Active rental / handoff	rentalDetail.statusReceivedPendingHost	string	Received — waiting host	Přijato — čeká hostitel	
14 · Active rental / handoff	rentalDetail.statusReturnPendingHost	string	Returned — waiting host	Vráceno — čeká hostitel	
14 · Active rental / handoff	rentalDetail.statusReturnPendingRenter	string	Host ready — waiting return	Hostitel připraven — čeká vrácení	
14 · Active rental / handoff	rentalDetail.takePhotos	string	Take photos if needed for your records	Pořiďte fotky pro své záznamy, pokud je potřeba	
14 · Active rental / handoff	rentalDetail.tapToViewProfile	string	Tap to view public profile	Klepnutím zobrazíte veřejný profil	
14 · Active rental / handoff	rentalDetail.title	string	Active Rental	Aktivní půjčka	
14 · Active rental / handoff	rentalDetail.verifiedOnEvorios	string	Verified on Evorios	Ověřeno na Evorios	
14 · Active rental / handoff	rentalDetail.viewDispute	string	View dispute	Zobrazit spor	
14 · Active rental / handoff	rentalDetail.visibleToBoth	string	Visible to both sides	Viditelné pro obě strany	
14 · Active rental / handoff	rentalDetail.waitingOtherSide	string	Waiting for the other side…	Čeká se na druhou stranu…	
14 · Booking request card	bookingRequest.approve	string	Approve	Schválit	
14 · Booking request card	bookingRequest.approving	string	Approving…	Schvaluji…	
14 · Booking request card	bookingRequest.autoCancelledIn()	fn	Auto-cancelled in {{1}}	Automaticky zrušeno za {{1}}	
14 · Booking request card	bookingRequest.autoCancelledSoon	string	Auto-cancelled soon	Brzy automaticky zrušeno	
14 · Booking request card	bookingRequest.decline	string	Decline	Odmítnout	
14 · Booking request card	bookingRequest.declining	string	Declining…	Odmítám…	
14 · Booking request card	bookingRequest.inclDelivery()	fn	 (incl. ${{1}} delivery)	 (vč. ${{1}} doprava)	
14 · Booking request card	bookingRequest.paymentOnHold	string	Renter payment is authorized — it is not captured until you approve.	Platba nájemce je autorizovaná — strhne se až po vašem schválení.	
14 · Booking request card	bookingRequest.somethingWrong	string	Something went wrong.	Něco se pokazilo.	
14 · QR scan panel	qrScan.alreadyConfirmed	string	Already confirmed.	Už potvrzeno.	
14 · QR scan panel	qrScan.cameraAccessNeeded	string	Camera access is needed to scan the QR code on the item.	Pro sken QR na věci je potřeba přístup k foťáku.	
14 · QR scan panel	qrScan.cameraUnavailable	string	Camera is not available in this browser. Use manual code entry.	Foťák v tomto prohlížeči není k dispozici. Zadejte kód ručně.	
14 · QR scan panel	qrScan.closeAria	string	Close	Zavřít	
14 · QR scan panel	qrScan.codeMismatch	string	Code doesn't match this item. Try again or scan the QR.	Kód nesedí s touto věcí. Zkuste znovu nebo naskenujte QR.	
14 · QR scan panel	qrScan.confirmPickup	string	Confirm pickup	Potvrdit vyzvednutí	
14 · QR scan panel	qrScan.confirmReturn	string	Confirm return	Potvrdit vrácení	
14 · QR scan panel	qrScan.contactlessBody	string	Step-by-step access instructions and codes unlock at check-in with PIN — not before. Your pickup address is on the rental screen so you can travel here first.	Pokyny a kódy se odemknou při check-inu s PIN — ne dřív. Adresa vyzvednutí je na obrazovce výpůjčky, ať sem můžete dojet.	
14 · QR scan panel	qrScan.contactlessLocked	string	Enter the correct 6-digit pickup PIN below to view access codes and instructions.	Zadejte správný 6místný PIN vyzvednutí níže pro kódy a pokyny.	
14 · QR scan panel	qrScan.contactlessTitle	string	Contactless access details	Bezdotykový přístup	
14 · QR scan panel	qrScan.enterCodeManually	string	Enter code manually	Zadat kód ručně	
14 · QR scan panel	qrScan.enterPinPickup	string	Enter the pickup PIN	Zadejte PIN vyzvednutí	
14 · QR scan panel	qrScan.enterPinReturn	string	Enter the return PIN	Zadejte PIN vrácení	
14 · QR scan panel	qrScan.manualPlaceholder	string	Paste listing code	Vložte kód nabídky	
14 · QR scan panel	qrScan.manualTitle	string	Item QR / check-in code	QR věci / check-in kód	
14 · QR scan panel	qrScan.ownerConfirms	string	Owner confirms manually	Majitel potvrdí ručně	
14 · QR scan panel	qrScan.pinAria	string	6-digit PIN	6místný PIN	
14 · QR scan panel	qrScan.pinBody	string	This scan only works inside the app for the renter/host on this booking. The PIN prevents random scans.	Tento sken funguje jen v aplikaci pro nájemce/hostitele této rezervace. PIN brání náhodným skenům.	
14 · QR scan panel	qrScan.pinBodyContactless	string	This scan only works inside the app for the renter/host on this booking. The PIN prevents random scans and unlocks contactless access details (codes and steps).	Tento sken funguje jen v aplikaci pro nájemce/hostitele této rezervace. PIN brání náhodným skenům a odemyká bezdotykové detaily (kódy a kroky).	
14 · QR scan panel	qrScan.pinMismatch()	fn	PIN doesn’t match. Ask your counterparty for the {{1}} PIN.	PIN nesedí. Zeptejte se protistrany na PIN {{1}}.	
14 · QR scan panel	qrScan.pinPlaceholder	string	000000	000000	
14 · QR scan panel	qrScan.qrVerified	string	QR scan verified · PIN required	QR ověřen · vyžaduje PIN	
14 · QR scan panel	qrScan.scanHint	string	Point the camera at the item QR sticker…	Namiřte foťák na QR nálepku na věci…	
14 · QR scan panel	qrScan.scanHintMatched	string	QR matched — continue with PIN	QR sedí — pokračujte PIN	
14 · QR scan panel	qrScan.scanHintMissing	string	QR target missing for this booking — use manual code or host confirm.	Chybí QR cíl této rezervace — zadejte kód ručně nebo potvrďte jako hostitel.	
14 · QR scan panel	qrScan.scanPickup	string	Scan QR — pickup	Sken QR — vyzvednutí	
14 · QR scan panel	qrScan.scanReturn	string	Scan QR — return	Sken QR — vrácení	
14 · QR scan panel	qrScan.stickerMustMatch	string	The sticker must match this booking. You’ll still need the 6‑digit PIN after a successful scan.	Nálepka musí sedět s touto rezervací. Po úspěšném skenu ještě budete potřebovat 6místný PIN.	
14 · QR scan panel	qrScan.tipPickup	string	Item received! Your rental starts now.	Věc převzata! Výpůjčka právě začíná.	
14 · QR scan panel	qrScan.tipPickupReturnBy()	fn	 Return by {{1}}.	 Vraťte do {{1}}.	
14 · QR scan panel	qrScan.tipReturn	string	All done! We'll notify the owner.	Hotovo! Upozorníme majitele.	
14 · QR scan panel	qrScan.verifyCode	string	Verify code	Ověřit kód	
14 · Rental pricing	rentalPrice.depositProtection	string	Deposit protection	Ochrana kauce	
14 · Rental pricing	rentalPrice.heavySurcharge	string	Heavy item surcharge	Příplatek za těžkou věc	
14 · Rental pricing	rentalPrice.heavySurchargeWithOver()	fn	Heavy item surcharge ({{1}})	Příplatek za těžkou věc ({{1}})	
14 · Rental pricing	rentalPrice.platformFee	string	Platform fee	Poplatek platformy	
14 · Rental pricing	rentalPrice.rentalDaily()	fn	Rental ({{1}} days × undefined)	Výpůjčka ({{1}} dní × undefined)	
14 · Rental pricing	rentalPrice.rentalMonthly()	fn	Rental ({{1}} days ≈ undefined months × undefined/mo)	Výpůjčka ({{1}} dní ≈ undefined měs. × undefined/měs.)	
14 · Rental pricing	rentalPrice.roundTripDelivery	string	Round-trip delivery	Doprava tam i zpět	
14 · Rental pricing	rentalPrice.title	string	Price breakdown	Rozpis ceny	
14 · Rental pricing	rentalPrice.total	string	Total	Celkem	
14 · Rental status labels	rentalStatus.active	string	Active	Aktivní	
14 · Rental status labels	rentalStatus.cancelled	string	Cancelled	Zrušeno	
14 · Rental status labels	rentalStatus.completed	string	Completed	Dokončeno	
14 · Rental status labels	rentalStatus.disputed	string	In dispute	Ve sporu	
14 · Rental status labels	rentalStatus.no_show	string	No-show	Nedostavení	
14 · Rental status labels	rentalStatus.overdue	string	Overdue	Po termínu	
14 · Rental status labels	rentalStatus.pending_approval	string	Awaiting approval	Čeká na schválení	
14 · Rental status labels	rentalStatus.pending_checkin	string	Confirmed	Potvrzeno	
14 · Rental status labels	rentalStatus.upcoming	string	Upcoming	Nadcházející	
15 · Payments / Stripe	paymentsUi.agreePrefix	string	By paying you agree to the	Platbou souhlasíte s	
15 · Payments / Stripe	paymentsUi.agreeSuffix	string	Card charges are processed by Stripe; hosts are paid through Stripe Connect.	Platby kartou zpracovává Stripe; hostitelé dostávají výplaty přes Stripe Connect.	
15 · Payments / Stripe	paymentsUi.and	string	and	a	
15 · Payments / Stripe	paymentsUi.auctionSignInRequired	string	Sign in to pay your winning bid.	Přihlaste se, abyste zaplatili vítěznou nabídku.	
15 · Payments / Stripe	paymentsUi.bookingWithoutPayment	string	Card checkout is not configured yet. Your request will be sent to the host — payment can be arranged after approval.	Platba kartou ještě není nastavená. Žádost půjde hostiteli — platbu lze domluvit po schválení.	
15 · Payments / Stripe	paymentsUi.connectGenericError	string	Couldn’t connect payouts right now. Try again in a moment — if it keeps failing, email support.	Propojení výplat teď nejde. Zkuste to za chvíli — pokud to trvá, napište podpoře.	
15 · Payments / Stripe	paymentsUi.connectOpenDashboard	string	Open Stripe Dashboard →	Otevřít Stripe Dashboard →	
15 · Payments / Stripe	paymentsUi.connectPlatformBody	string	Your Evorios Stripe account must accept Connect responsibilities before sellers can link a bank. This is done in the Stripe Dashboard — not inside the app.	Účet Evorios ve Stripe musí přijmout odpovědnosti Connect, než si prodejci mohou napojit banku. To se dělá v Stripe Dashboardu — ne v aplikaci.	
15 · Payments / Stripe	paymentsUi.connectPlatformStep1	string	Open Platform profile in Stripe	Otevřete Platform profile ve Stripe	
15 · Payments / Stripe	paymentsUi.connectPlatformStep2	string	Review / accept loss responsibilities for connected accounts	Zkontrolujte / přijměte odpovědnost za ztráty u připojených účtů	
15 · Payments / Stripe	paymentsUi.connectPlatformStep3	string	Return here and tap Continue with Stripe again	Vraťte se sem a znovu klepněte Pokračovat se Stripe	
15 · Payments / Stripe	paymentsUi.connectPlatformTitle	string	Stripe platform setup required (one-time)	Je potřeba jednorázové nastavení Stripe platformy	
15 · Payments / Stripe	paymentsUi.garageStripeRequired	string	Card checkout is temporarily unavailable. You can still browse and save items — try again shortly.	Platba kartou je dočasně nedostupná. Můžete prohlížet a ukládat věci — zkuste to brzy znovu.	
15 · Payments / Stripe	paymentsUi.privacy	string	Privacy Policy	Zásadami ochrany soukromí	
15 · Payments / Stripe	paymentsUi.refund	string	Refund Policy	Reklamačním řádem	
15 · Payments / Stripe	paymentsUi.secureCheckout	string	Secure card checkout enabled	Bezpečná platba kartou je zapnutá	
15 · Payments / Stripe	paymentsUi.signInRequired	string	Sign in or continue as guest with your email.	Přihlaste se, nebo pokračujte jako host s e-mailem.	
15 · Payments / Stripe	paymentsUi.stripeRequired	string	Card payments are temporarily unavailable. You can still send a request to the host.	Platby kartou jsou dočasně nedostupné. Žádost hostiteli můžete poslat i tak.	
15 · Payments / Stripe	paymentsUi.supabaseRequired	string	This app needs a live connection to start. Please try again shortly or contact support.	Aplikace potřebuje živé připojení. Zkuste to za chvíli nebo kontaktujte podporu.	
15 · Payments / Stripe	paymentsUi.terms	string	Terms	Podmínkami	
16 · Garage cart / checkout	garageCart.backAria	string	Back	Zpět	
16 · Garage cart / checkout	garageCart.backToGarage	string	Back to garage →	Zpět do garáže →	
16 · Garage cart / checkout	garageCart.buyNowHint	string	You pay the listed price. After payment, message the seller to arrange pickup — no offer negotiation on Buy now.	Platíte uvedenou cenu. Po platbě napište prodejci kvůli vyzvednutí — u Koupit hned se nevyjednává.	
16 · Garage cart / checkout	garageCart.cardPayment	string	Card payment	Platba kartou	
16 · Garage cart / checkout	garageCart.chooseHowToPay	string	Choose how to pay	Zvolte způsob platby	
16 · Garage cart / checkout	garageCart.continueGuest	string	Continue as guest	Pokračovat jako host	
16 · Garage cart / checkout	garageCart.emailLabel	string	Email for receipt	E-mail pro účtenku	
16 · Garage cart / checkout	garageCart.emailPlaceholder	string	you@example.com	vy@example.com	
16 · Garage cart / checkout	garageCart.emptyBody	string	Buy now items from an open garage shelf.	Koupit hned z otevřené police v garáži.	
16 · Garage cart / checkout	garageCart.emptyTitle	string	Cart is empty	Košík je prázdný	
16 · Garage cart / checkout	garageCart.garageFallback	string	Garage	Garáž	
16 · Garage cart / checkout	garageCart.guestHint	string	One-time purchase — no account required.	Jednorázový nákup — účet není potřeba.	
16 · Garage cart / checkout	garageCart.paidTitle	string	Paid	Zaplaceno	
16 · Garage cart / checkout	garageCart.payAmount()	fn	Pay {{1}}	Zaplatit {{1}}	
16 · Garage cart / checkout	garageCart.paymentComplete()	fn	Payment complete · {{1}}	Platba hotová · {{1}}	
16 · Garage cart / checkout	garageCart.paymentCompleteBody	string	Direct buy — no offers needed. Message the seller to pick a convenient pickup time.	Přímý nákup — bez nabídek. Napište prodejci a domluvte vyzvednutí.	
16 · Garage cart / checkout	garageCart.preparing	string	Preparing checkout…	Připravuji platbu…	
16 · Garage cart / checkout	garageCart.removeAria	string	Remove from cart	Odebrat z košíku	
16 · Garage cart / checkout	garageCart.sellerNotified	string	The seller was notified that you paid.	Prodejce byl upozorněn, že jste zaplatili.	
16 · Garage cart / checkout	garageCart.signInCta	string	Sign in / Create account	Přihlásit se / Vytvořit účet	
16 · Garage cart / checkout	garageCart.signInOrGuest	string	Sign in, or continue as guest with your email.	Přihlaste se, nebo pokračujte jako host s e-mailem.	
16 · Garage cart / checkout	garageCart.title	string	Cart	Košík	
16 · Garage cart / checkout	garageCart.total	string	Total	Celkem	
16 · Garage cart / checkout	garageCart.validEmail	string	Enter a valid email for your receipt.	Zadejte platný e-mail pro účtenku.	
16 · Open my garage (snap sale)	earnBusiness.activeListings()	fn	{{1}} active listings	{{1}} aktivních nabídek	
16 · Open my garage (snap sale)	earnBusiness.allTime	string	All time	Celkem	
16 · Open my garage (snap sale)	earnBusiness.backToBrowse	string	Back to browse	Zpět k procházení	
16 · Open my garage (snap sale)	earnBusiness.byListing	string	By listing	Podle nabídky	
16 · Open my garage (snap sale)	earnBusiness.colAllTime	string	All time	Celkem	
16 · Open my garage (snap sale)	earnBusiness.colItem	string	Item	Věc	
16 · Open my garage (snap sale)	earnBusiness.colMonth	string	Month	Měsíc	
16 · Open my garage (snap sale)	earnBusiness.earnedThisMonth	string	Earned this month	Vyděláno tento měsíc	
16 · Open my garage (snap sale)	earnBusiness.emptyBody	string	Publish from My Garage (or the + button) to track earnings here.	Publikujte z Moje garáž (nebo +) a sledujte výdělky tady.	
16 · Open my garage (snap sale)	earnBusiness.emptyTitle	string	No listings yet	Zatím žádné nabídky	
16 · Open my garage (snap sale)	earnBusiness.growingTitle	string	How you're growing	Jak rostete	
16 · Open my garage (snap sale)	earnBusiness.growthNew	string	New this month	Nové tento měsíc	
16 · Open my garage (snap sale)	earnBusiness.growthVsLast()	fn	{{1}}% vs last month	{{1}} % oproti minulému měsíci	
16 · Open my garage (snap sale)	earnBusiness.kpiActiveNow	string	Active earning now	Teď vydělává	
16 · Open my garage (snap sale)	earnBusiness.kpiLastMonth	string	Last month	Minulý měsíc	
16 · Open my garage (snap sale)	earnBusiness.kpiThisMonth	string	This month	Tento měsíc	
16 · Open my garage (snap sale)	earnBusiness.projectedByMonthEnd()	fn	Projected {{1}} by month end	Odhad {{1}} do konce měsíce	
16 · Open my garage (snap sale)	earnBusiness.sparklineHint	string	Last 7 days · completed payouts	Posledních 7 dní · dokončené výplaty	
16 · Open my garage (snap sale)	earnBusiness.tipExpandBody()	fn	List 1 more item to unlock ~${{1}}/mo based on your current per-listing pace.	Přidejte 1 další věc a odemkněte ~${{1}}/měs. podle vašeho tempa na nabídku.	
16 · Open my garage (snap sale)	earnBusiness.tipExpandTitle	string	Expand your catalog	Rozšiřte katalog	
16 · Open my garage (snap sale)	earnBusiness.tipFieldBody()	fn	${{1}} is tied up in undefined active rentals right now — fast responses protect those payouts.	${{1}} je vázáno v undefined aktivních výpůjčkách — rychlé odpovědi chrání výplaty.	
16 · Open my garage (snap sale)	earnBusiness.tipFieldTitle	string	Money out in the field	Peníze venku v terénu	
16 · Open my garage (snap sale)	earnBusiness.tipMomentumBody()	fn	You're up {{1}}% vs last month ($undefined → $undefined). Keep pricing aligned with your top earner.	Jste o {{1}} % výš než minulý měsíc ($undefined → $undefined). Držte ceny u nejlepší nabídky.	
16 · Open my garage (snap sale)	earnBusiness.tipMomentumTitle	string	Momentum is building	Tempo roste	
16 · Open my garage (snap sale)	earnBusiness.tipRecoverBody()	fn	You earned ${{1}} last month. Refresh photos and availability on listings that were active then.	Minulý měsíc jste vydělali ${{1}}. Obnovte fotky a dostupnost tehdy aktivních nabídek.	
16 · Open my garage (snap sale)	earnBusiness.tipRecoverTitle	string	Recover last month's pace	Vraťte tempo z minulého měsíce	
16 · Open my garage (snap sale)	earnBusiness.tipTargetBody()	fn	Aim for ${{1}}/mo by keeping 2+ items available on weekends.	Cíl ${{1}}/měs. — držte 2+ věci dostupné o víkendech.	
16 · Open my garage (snap sale)	earnBusiness.tipTargetTitle	string	Set a monthly target	Nastavte měsíční cíl	
16 · Open my garage (snap sale)	earnBusiness.trendAria()	fn	Trend {{1}}	Trend {{1}}	
16 · Yard & garage sales	garageSale.garageAuction.auctionWonBadge	string	Auction won	Aukce vyhrána	
16 · Yard & garage sales	garageSale.garageAuction.bidTerms	string	By bidding you agree: auction ends when the garage closes. The high bidder pays at checkout within 30 minutes. If they don't pay, the lot goes to the next-highest bidder.	Přihazováním souhlasíte: aukce končí se zavřením garáže. Nejvyšší nabídka platí checkout do 30 minut. Jinak lot přechází na dalšího.	
16 · Yard & garage sales	garageSale.garageAuction.checkoutTerms	string	Pay at checkout now. You have 30 minutes after the auction ends — if payment isn't completed, the lot automatically goes to the next-highest bidder.	Zaplaťte teď v checkoutu. Máte 30 minut od konce aukce — jinak lot automaticky přejde na dalšího přihazujícího.	
16 · Yard & garage sales	garageSale.garageAuction.countdownPayOrPass()	fn	{{1}} · Pay now or the lot goes to the next bidder	{{1}} · Zaplaťte teď, jinak lot přejde na dalšího	
16 · Yard & garage sales	garageSale.garageAuction.goBack	string	Go back	Zpět	
16 · Yard & garage sales	garageSale.garageAuction.minutesLeft()	fn	{{1}} min left	Zbývá {{1}} min	
16 · Yard & garage sales	garageSale.garageAuction.nextBidderBadge	string	Next bidder	Další přihazující	
16 · Yard & garage sales	garageSale.garageAuction.nothingToPayBody	string	This payment window expired or was already paid.	Toto platební okno vypršelo nebo už bylo zaplaceno.	
16 · Yard & garage sales	garageSale.garageAuction.nothingToPayTitle	string	Nothing to pay	Není co platit	
16 · Yard & garage sales	garageSale.garageAuction.payAmountNow()	fn	Pay {{1}} now	Zaplatit {{1}} teď	
16 · Yard & garage sales	garageSale.garageAuction.payWithinMinutes()	fn	Pay within {{1}} minutes	Zaplaťte do {{1}} minut	
16 · Yard & garage sales	garageSale.garageAuction.preparingPayment	string	Preparing payment…	Připravuji platbu…	
16 · Yard & garage sales	garageSale.garageAuction.runnerUpSubtitle	string	The previous winner didn't pay in time — pay your bid within 30 minutes.	Předchozí vítěz nezaplatil včas — zaplaťte svou nabídku do 30 minut.	
16 · Yard & garage sales	garageSale.garageAuction.runnerUpTitle	string	You're the next bidder	Jste další přihazující	
16 · Yard & garage sales	garageSale.garageAuction.shopBanner	string	Buy now at sticker price — or Offer when allowed. Paid → message seller for pickup.	Koupit hned za cenu na cedulce — nebo nabídnout, když je to povoleno. Po zaplacení napište prodejci kvůli vyzvednutí.	
16 · Yard & garage sales	garageSale.garageAuction.timeExpired	string	Time expired	Čas vypršel	
16 · Yard & garage sales	garageSale.garageAuction.totalDueNow	string	Total due now	Celkem k zaplacení	
16 · Yard & garage sales	garageSale.garageAuction.winBannerSuffix	string	now (30 min)	teď (30 min)	
16 · Yard & garage sales	garageSale.garageAuction.winnerPaysBid	string	You pay your bid. The seller covers the platform fee.	Platíte svou nabídku. Poplatek platformy hradí prodejce.	
16 · Yard & garage sales	garageSale.garageAuction.youWonTitle	string	You won!	Vyhráli jste!	
16 · Yard & garage sales	garageSale.garageOffers.accept	string	Accept	Přijmout	
16 · Yard & garage sales	garageSale.garageOffers.acceptCounter	string	Accept	Přijmout	
16 · Yard & garage sales	garageSale.garageOffers.askingLine()	fn	Asking {{1}}	Požadovaná cena {{1}}	
16 · Yard & garage sales	garageSale.garageOffers.auctionAuto	string	Auction — interested neighbors only	Aukce — jen zájemci	
16 · Yard & garage sales	garageSale.garageOffers.closeBidAria	string	Close bid sheet	Zavřít příhoz	
16 · Yard & garage sales	garageSale.garageOffers.confirmBid	string	Confirm bid	Potvrdit příhoz	
16 · Yard & garage sales	garageSale.garageOffers.counter	string	Counter	Přihodit	
16 · Yard & garage sales	garageSale.garageOffers.counterLabel	string	Your counter	Vaše proti nabídka	
16 · Yard & garage sales	garageSale.garageOffers.highBidBuyNow()	fn	High bid {{1}} · Buy now undefined	Nejvyšší příhoz {{1}} · Koupit hned undefined	
16 · Yard & garage sales	garageSale.garageOffers.hostWants	string	Host wants	Hostitel chce	
16 · Yard & garage sales	garageSale.garageOffers.inboxEmptyBody	string	When one neighbor makes an offer, it shows here. Two or more → auction instead.	Když jeden soused nabídne, uvidíte to tady. Dva a více → místo toho aukce.	
16 · Yard & garage sales	garageSale.garageOffers.inboxEmptyTitle	string	No offers yet	Zatím žádné nabídky	
16 · Yard & garage sales	garageSale.garageOffers.inboxFootnote	string	When two neighbors offer on the same item, offers close here and an auction starts between them automatically.	Když dva sousedé nabídnou na stejnou věc, nabídky se tady zavřou a automaticky začne aukce mezi nimi.	
16 · Yard & garage sales	garageSale.garageOffers.inboxSubtitle	string	One-on-one — accept, counter, or decline (push on every offer)	Jeden na jednoho — přijmout, přihodit nebo odmítnout (push u každé nabídky)	
16 · Yard & garage sales	garageSale.garageOffers.inboxTitle	string	Neighbor offers	Nabídky sousedů	
16 · Yard & garage sales	garageSale.garageOffers.interestedLabel	string	interested	má zájem	
16 · Yard & garage sales	garageSale.garageOffers.listingNotFound	string	Listing not found	Inzerát nenalezen	
16 · Yard & garage sales	garageSale.garageOffers.makeOffer	string	Offer	Nabídnout	
16 · Yard & garage sales	garageSale.garageOffers.minNextBid()	fn	Minimum next bid {{1}}	Minimální další příhoz {{1}}	
16 · Yard & garage sales	garageSale.garageOffers.myOfferTitle	string	Your offer	Vaše nabídka	
16 · Yard & garage sales	garageSale.garageOffers.newOfferLabel	string	Or offer more	Nebo nabídnout víc	
16 · Yard & garage sales	garageSale.garageOffers.offerFrom	string	Offer	Nabídka	
16 · Yard & garage sales	garageSale.garageOffers.oneOnOneBadge	string	1-on-1 offer	Nabídka 1:1	
16 · Yard & garage sales	garageSale.garageOffers.pendingHostBody	string	Host is reviewing your offer — we'll push you when they accept, counter, or pass.	Hostitel prohlíží vaši nabídku — pošleme push, až přijme, přihodí nebo odmítne.	
16 · Yard & garage sales	garageSale.garageOffers.placeBidTitle	string	Place bid	Přihodit	
16 · Yard & garage sales	garageSale.garageOffers.sendNewOffer	string	Send new offer	Odeslat novou nabídku	
16 · Yard & garage sales	garageSale.garageOffers.sheetEyebrow	string	Make an offer	Poslat nabídku	
16 · Yard & garage sales	garageSale.garageOffers.sheetHint	string	one-on-one with the host until two neighbors want it	jeden na jednoho s hostitelem, dokud nechtějí dva sousedé	
16 · Yard & garage sales	garageSale.garageOffers.sheetSubmit	string	Send offer	Odeslat nabídku	
16 · Yard & garage sales	garageSale.garageOffers.sheetTerms	string	The seller is notified on every offer. If another neighbor offers too, this becomes an auction — the host stops countering individually.	Prodejce je upozorněn na každou nabídku. Pokud nabídne i další soused, vznikne aukce — hostitel přestane přihazovat individuálně.	
16 · Yard & garage sales	garageSale.garageOffers.signInForOffer	string	Sign in so the seller gets your offer.	Přihlaste se, aby prodejce dostal vaši nabídku.	
16 · Yard & garage sales	garageSale.garageOffers.signInForOfferPrompt	string	Sign in so the seller gets your offer (push + inbox).	Přihlaste se, aby prodejce dostal vaši nabídku (push + inbox).	
16 · Yard & garage sales	garageSale.garageOffers.validAmount	string	Enter a valid amount	Zadejte platnou částku	
16 · Yard & garage sales	garageSale.garageOffers.validCounter	string	Enter a counter amount	Zadejte částku proti nabídky	
16 · Yard & garage sales	garageSale.garageOffers.waitingHost	string	Waiting — your offer	Čeká se — vaše nabídka	
16 · Yard & garage sales	garageSale.garageOffers.yourBidLabel	string	Your bid	Váš příhoz	
16 · Yard & garage sales	garageSale.garageOffers.yourOfferLabel	string	Your offer	Vaše nabídka	
16 · Yard & garage sales	garageSale.garageSaleRules.cta	string	Got it — snap my first item →	Rozumím — vyfotit první věc →	
16 · Yard & garage sales	garageSale.garageSaleRules.eyebrow	string	How selling works	Jak prodej funguje	
16 · Yard & garage sales	garageSale.garageSaleRules.step1Body	string	Sticker price. Neighbor taps Buy, pays, then messages you to set a pickup time — no offers or counters on that path.	Cena na cedulce. Soused klepne Koupit, zaplatí a napíše vám kvůli vyzvednutí — bez nabídek a přihazování.	
16 · Yard & garage sales	garageSale.garageSaleRules.step1Title	string	Buy now	Koupit hned	
16 · Yard & garage sales	garageSale.garageSaleRules.step2Body	string	They make an offer. You get a push every time — accept, counter your price, or pass until you agree.	Pošle nabídku. Dostanete push pokaždé — přijmout, přihodit svou cenu, nebo odmítnout, dokud se nedohodnete.	
16 · Yard & garage sales	garageSale.garageSaleRules.step2Title	string	One neighbor interested	Jeden soused má zájem	
16 · Yard & garage sales	garageSale.garageSaleRules.step3Body	string	You don't negotiate with each one. An auction runs between them before you close — highest bid wins.	Nesjednáváte s každým zvlášť. Před zavřením běží aukce mezi nimi — vyhrává nejvyšší nabídka.	
16 · Yard & garage sales	garageSale.garageSaleRules.step3Title	string	Several neighbors interested	Více sousedů má zájem	
16 · Yard & garage sales	garageSale.garageSaleRules.step4Body	string	Auction winner pays within 30 minutes or the lot goes to the next bidder. Then you arrange pickup.	Vítěz aukce platí do 30 minut, jinak lot přechází na dalšího. Pak domluvíte vyzvednutí.	
16 · Yard & garage sales	garageSale.garageSaleRules.step4Title	string	Winner pays fast	Vítěz platí rychle	
16 · Yard & garage sales	garageSale.garageSaleRules.subtitle	string	Four pictures — how neighbors buy from your garage shelf.	Čtyři obrázky — jak sousedé kupují z vaší police.	
16 · Yard & garage sales	garageSale.garageSaleRules.title	string	Rules in plain sight	Pravidla na očích	
16 · Yard & garage sales	garageSale.garageShare.afterSnapHint	string	Story, Nextdoor, WhatsApp — link opens your shelf, not the app home page.	Story, Nextdoor, WhatsApp — odkaz otevře vaši polici, ne domovskou stránku aplikace.	
16 · Yard & garage sales	garageSale.garageShare.afterSnapTitle	string	Spread the word	Rozhlašte to	
16 · Yard & garage sales	garageSale.garageShare.itemTitle	string	Share this item	Sdílet tuto věc	
16 · Yard & garage sales	garageSale.garageShare.openGarageTitle	string	Share open garage	Sdílet otevřenou garáž	
16 · Yard & garage sales	garageSale.garageShare.shopBannerHost	string	Tap Edit on any item — or share your shelf to pull buyers in.	Klepněte Upravit u věci — nebo sdílejte polici a přiveďte kupující.	
16 · Yard & garage sales	garageSale.garageShelfEdit.changePhoto	string	New photo	Nová fotka	
16 · Yard & garage sales	garageSale.garageShelfEdit.eyebrow	string	Your shelf	Vaše police	
16 · Yard & garage sales	garageSale.garageShelfEdit.modeOpen	string	Open to offers	Otevřeno nabídkám	
16 · Yard & garage sales	garageSale.garageShelfEdit.modeQuick	string	Quick sale	Rychlý prodej	
16 · Yard & garage sales	garageSale.garageShelfEdit.noStartingBidHint	string	No starting bid — neighbors offer their price, or an auction starts if several want it.	Bez vyvolávací ceny — sousedé nabídnou svou, nebo začne aukce, když jich chce víc.	
16 · Yard & garage sales	garageSale.garageShelfEdit.noteLabel	string	Note	Poznámka	
16 · Yard & garage sales	garageSale.garageShelfEdit.photoLoadFailed	string	Could not load photo	Fotku se nepodařilo načíst	
16 · Yard & garage sales	garageSale.garageShelfEdit.priceLabel	string	Asking price	Požadovaná cena	
16 · Yard & garage sales	garageSale.garageShelfEdit.remove	string	Remove from shelf	Odebrat z police	
16 · Yard & garage sales	garageSale.garageShelfEdit.removeConfirm	string	Remove this item from your garage shelf?	Odebrat tuto věc z police v garáži?	
16 · Yard & garage sales	garageSale.garageShelfEdit.removeConfirmActive	string	Active offers or bids will be cleared. Remove from shelf?	Aktivní nabídky nebo příhozy se smažou. Odebrat z police?	
16 · Yard & garage sales	garageSale.garageShelfEdit.save	string	Save changes	Uložit změny	
16 · Yard & garage sales	garageSale.garageShelfEdit.tagLabel	string	Tag	Značka	
16 · Yard & garage sales	garageSale.garageShelfEdit.title	string	Edit sale item	Upravit výprodejovou věc	
16 · Yard & garage sales	garageSale.garageShelfEdit.validPrice	string	Enter a valid price	Zadejte platnou cenu	
16 · Yard & garage sales	garageSale.garageShop.addedToCart	string	Added to cart — checkout next	Přidáno do košíku — pokračujte k platbě	
16 · Yard & garage sales	garageSale.garageShop.alreadyInCart	string	Already in your cart	Už je v košíku	
16 · Yard & garage sales	garageSale.garageShop.backToYardSales	string	Back to yard sales	Zpět na výprodeje	
16 · Yard & garage sales	garageSale.garageShop.badgeBid	string	Bid	Příhoz	
16 · Yard & garage sales	garageSale.garageShop.badgeLeading	string	Leading	Vedete	
16 · Yard & garage sales	garageSale.garageShop.badgeOffer	string	Offer	Nabídka	
16 · Yard & garage sales	garageSale.garageShop.badgeSoon	string	Soon	Brzy	
16 · Yard & garage sales	garageSale.garageShop.bidCta	string	Bid	Přihodit	
16 · Yard & garage sales	garageSale.garageShop.bidPlacedBody	string	We'll notify you if you're outbid or when the auction ends.	Upozorníme vás, pokud vás někdo předhodí nebo když aukce skončí.	
16 · Yard & garage sales	garageSale.garageShop.bidPlacedTitle	string	Bid placed	Příhoz zadán	
16 · Yard & garage sales	garageSale.garageShop.bidPlacedToast	string	Bid placed — good luck!	Příhoz zadán — hodně štěstí!	
16 · Yard & garage sales	garageSale.garageShop.buyCta	string	Buy	Koupit	
16 · Yard & garage sales	garageSale.garageShop.buyNowPaused	string	Buy now paused — auction among interested neighbors	Koupit hned pozastaveno — aukce mezi zájemci	
16 · Yard & garage sales	garageSale.garageShop.cartAria()	fn	Cart, {{1}} items	Košík, {{1}} položek	
16 · Yard & garage sales	garageSale.garageShop.cartLabel	string	Cart	Košík	
16 · Yard & garage sales	garageSale.garageShop.cartOneGarage	string	Cart is for one garage at a time — checkout or clear first.	Košík je jen pro jednu garáž najednou — nejdřív zaplaťte nebo vyprázdněte.	
16 · Yard & garage sales	garageSale.garageShop.dealPendingPayment	string	Deal pending payment — another neighbor’s offer was accepted	Čeká se na platbu — nabídka jiného souseda byla přijata	
16 · Yard & garage sales	garageSale.garageShop.editCta	string	Edit	Upravit	
16 · Yard & garage sales	garageSale.garageShop.editShelfAria	string	Edit shelf item	Upravit věc na polici	
16 · Yard & garage sales	garageSale.garageShop.emptyNeighborBody	string	No sale items listed right now.	Teď tu nejsou žádné věci na prodej.	
16 · Yard & garage sales	garageSale.garageShop.emptyOwnBody	string	Snap sale items from Open my garage — one photo and a price each.	Vyfoťte výprodejové věci z Otevřít moji garáž — jedna fotka a cena.	
16 · Yard & garage sales	garageSale.garageShop.emptyTitle	string	Shelf is empty	Police je prázdná	
16 · Yard & garage sales	garageSale.garageShop.itemUnavailable	string	This item is no longer available	Tato věc už není k dispozici	
16 · Yard & garage sales	garageSale.garageShop.loadingShelf	string	Loading shelf…	Načítám polici…	
16 · Yard & garage sales	garageSale.garageShop.modeRent	string	Rent	Půjčka	
16 · Yard & garage sales	garageSale.garageShop.modeSell	string	Sale	Prodej	
16 · Yard & garage sales	garageSale.garageShop.myActiveGarage	string	My active garage	Moje aktivní garáž	
16 · Yard & garage sales	garageSale.garageShop.neighborViewBanner	string	Neighbor view — photo, price, buy now or bid.	Pohled souseda — fotka, cena, koupit hned nebo přihodit.	
16 · Yard & garage sales	garageSale.garageShop.nextBidderPrefix	string	Next bidder —	Další přihazující —	
16 · Yard & garage sales	garageSale.garageShop.offersAria()	fn	Offers, {{1}} pending	Nabídky, {{1}} čeká	
16 · Yard & garage sales	garageSale.garageShop.offerSentToast	string	Offer sent — seller notified	Nabídka odeslána — prodejce upozorněn	
16 · Yard & garage sales	garageSale.garageShop.openBadge	string	Open	Otevřeno	
16 · Yard & garage sales	garageSale.garageShop.removedFromShelf	string	Removed from shelf	Odebráno z police	
16 · Yard & garage sales	garageSale.garageShop.saleItemFallback	string	Sale item	Výprodejová věc	
16 · Yard & garage sales	garageSale.garageShop.shareCta	string	Share	Sdílet	
16 · Yard & garage sales	garageSale.garageShop.shareGarageAria	string	Share open garage	Sdílet otevřenou garáž	
16 · Yard & garage sales	garageSale.garageShop.shelfUpdated	string	Shelf updated	Police aktualizována	
16 · Yard & garage sales	garageSale.garageShop.snapOntoShelf	string	Snap onto shelf →	Vyfotit na polici →	
16 · Yard & garage sales	garageSale.garageShop.soldBadge	string	Sold	Prodáno	
16 · Yard & garage sales	garageSale.garageShop.statusAvailable	string	Available	Dostupné	
16 · Yard & garage sales	garageSale.garageShop.statusPaused	string	Paused	Pozastaveno	
16 · Yard & garage sales	garageSale.garageShop.statusPendingPayment	string	Pending payment	Čeká na platbu	
16 · Yard & garage sales	garageSale.garageShop.statusRented	string	Rented	Půjčeno	
16 · Yard & garage sales	garageSale.garageShop.statusReserved	string	Reserved	Rezervováno	
16 · Yard & garage sales	garageSale.garageShop.winPayLine()	fn	{{1}} pay $undefined undefined	{{1}} zaplaťte $undefined undefined	
16 · Yard & garage sales	garageSale.garageShop.yourOfferLine()	fn	Your offer · {{1}}	Vaše nabídka · {{1}}	
16 · Yard & garage sales	garageSale.garageShop.youWonPrefix	string	You won —	Vyhráli jste —	
16 · Yard & garage sales	garageSale.garageWorkflow.cta	string	Next — how selling works →	Další — jak prodej funguje →	
16 · Yard & garage sales	garageSale.garageWorkflow.eyebrow	string	Your household garage	Vaše domácí garáž	
16 · Yard & garage sales	garageSale.garageWorkflow.skip	string	Skip intro	Přeskočit úvod	
16 · Yard & garage sales	garageSale.garageWorkflow.step1Body	string	Pick day(s) and times so neighbors know when to stop by.	Vyberte den(y) a časy, ať sousedé vědí, kdy zastavit.	
16 · Yard & garage sales	garageSale.garageWorkflow.step1Title	string	Set open hours	Nastavit otevřené hodiny	
16 · Yard & garage sales	garageSale.garageWorkflow.step2Body	string	One photo, optional tag, asking price — quick sale or open to offers.	Jedna fotka, volitelná značka, cena — rychlý prodej nebo otevřeno nabídkám.	
16 · Yard & garage sales	garageSale.garageWorkflow.step2Title	string	Snap onto the shelf	Vyfotit na polici	
16 · Yard & garage sales	garageSale.garageWorkflow.step3Body	string	Next screen shows pictures — buy now, one-on-one offers, group auction, fast payment.	Další obrazovka ukáže obrázky — koupit hned, nabídky 1:1, skupinová aukce, rychlá platba.	
16 · Yard & garage sales	garageSale.garageWorkflow.step3Title	string	See the rules	Podívat se na pravidla	
16 · Yard & garage sales	garageSale.garageWorkflow.subtitle	string	Three steps — not the normal listing form. This is your sale shelf on the block.	Tři kroky — ne běžný formulář nabídky. Tohle je vaše výprodejová police na bloku.	
16 · Yard & garage sales	garageSale.garageWorkflow.title	string	How an open garage works	Jak funguje otevřená garáž	
16 · Yard & garage sales	garageSale.openGarageSale.addItemsCta	string	Snap onto shelf →	Vyfotit na polici →	
16 · Yard & garage sales	garageSale.openGarageSale.dayLabels[0]	string	Sun	Ne	
16 · Yard & garage sales	garageSale.openGarageSale.dayLabels[1]	string	Mon	Po	
16 · Yard & garage sales	garageSale.openGarageSale.dayLabels[2]	string	Tue	Út	
16 · Yard & garage sales	garageSale.openGarageSale.dayLabels[3]	string	Wed	St	
16 · Yard & garage sales	garageSale.openGarageSale.dayLabels[4]	string	Thu	Čt	
16 · Yard & garage sales	garageSale.openGarageSale.dayLabels[5]	string	Fri	Pá	
16 · Yard & garage sales	garageSale.openGarageSale.dayLabels[6]	string	Sat	So	
16 · Yard & garage sales	garageSale.openGarageSale.dayNames[0]	string	Sunday	Neděle	
16 · Yard & garage sales	garageSale.openGarageSale.dayNames[1]	string	Monday	Pondělí	
16 · Yard & garage sales	garageSale.openGarageSale.dayNames[2]	string	Tuesday	Úterý	
16 · Yard & garage sales	garageSale.openGarageSale.dayNames[3]	string	Wednesday	Středa	
16 · Yard & garage sales	garageSale.openGarageSale.dayNames[4]	string	Thursday	Čtvrtek	
16 · Yard & garage sales	garageSale.openGarageSale.dayNames[5]	string	Friday	Pátek	
16 · Yard & garage sales	garageSale.openGarageSale.dayNames[6]	string	Saturday	Sobota	
16 · Yard & garage sales	garageSale.openGarageSale.daysLabel	string	Day of week	Den v týdnu	
16 · Yard & garage sales	garageSale.openGarageSale.hoursHint	string	Pick your day(s) and hours — auction items bid until you close. Followers get a heads-up when you're open.	Vyberte den(y) a hodiny — aukční položky se licitují do zavření. Sledující dostanou upozornění, když otevřete.	
16 · Yard & garage sales	garageSale.openGarageSale.hoursNotSet	string	Hours not set	Hodiny nejsou nastavené	
16 · Yard & garage sales	garageSale.openGarageSale.hoursTitle	string	When are you open?	Kdy máte otevřeno?	
16 · Yard & garage sales	garageSale.openGarageSale.mascotHint	string	can help price odd items once they're on the shelf.	pomůže ocenit zvláštní věci, až budou na polici.	
16 · Yard & garage sales	garageSale.openGarageSale.myGarageCta	string	My active garage →	Moje aktivní garáž →	
16 · Yard & garage sales	garageSale.openGarageSale.neighborsSee	string	Neighbors will see:	Sousedé uvidí:	
16 · Yard & garage sales	garageSale.openGarageSale.openNowWithSummary()	fn	Open now · {{1}}	Otevřeno teď · {{1}}	
16 · Yard & garage sales	garageSale.openGarageSale.pickADay	string	Pick a day	Vyberte den	
16 · Yard & garage sales	garageSale.openGarageSale.presetSaturday	string	Saturday	Sobota	
16 · Yard & garage sales	garageSale.openGarageSale.presetSaturdayHint	string	Sat · 9am – 1pm	So · 9–13	
16 · Yard & garage sales	garageSale.openGarageSale.presetsLabel	string	Quick fill	Rychlé vyplnění	
16 · Yard & garage sales	garageSale.openGarageSale.presetToday	string	Today	Dnes	
16 · Yard & garage sales	garageSale.openGarageSale.presetTodayHint	string	This day · 8am – 2pm	Tento den · 8–14	
16 · Yard & garage sales	garageSale.openGarageSale.presetWeekend	string	Weekend	Víkend	
16 · Yard & garage sales	garageSale.openGarageSale.presetWeekendHint	string	Sat–Sun · 8am – 12pm	So–Ne · 8–12	
16 · Yard & garage sales	garageSale.openGarageSale.rulesViewCta	string	How selling works — pictures →	Jak prodej funguje — obrázky →	
16 · Yard & garage sales	garageSale.openGarageSale.scheduleInvalid	string	Pick at least one day and make sure end time is after start.	Vyberte alespoň jeden den a zkontrolujte, že konec je po začátku.	
16 · Yard & garage sales	garageSale.openGarageSale.shareGarageCta	string	Share open garage	Sdílet otevřenou garáž	
16 · Yard & garage sales	garageSale.openGarageSale.shelfHint	string	Garage-sale snap — photo first, optional tag, price or auction. Not the full listing form.	Garážový snap — nejdřív fotka, volitelná značka, cena nebo aukce. Ne plný formulář nabídky.	
16 · Yard & garage sales	garageSale.openGarageSale.shelfNote	string	Each snap lands on your open shop · neighbors buy or bid	Každý snap na otevřený shop · sousedé kupují nebo licitují	
16 · Yard & garage sales	garageSale.openGarageSale.shelfTitle	string	Stock the shelf	Naplnit polici	
16 · Yard & garage sales	garageSale.openGarageSale.subtitle	string	Set your hours, then snap items straight onto the sale shelf.	Nastavte hodiny a pak foťte věci rovnou na výprodejovou polici.	
16 · Yard & garage sales	garageSale.openGarageSale.timeFrom	string	From	Od	
16 · Yard & garage sales	garageSale.openGarageSale.timeLabel	string	Open hours	Otevřené hodiny	
16 · Yard & garage sales	garageSale.openGarageSale.timeTo	string	Until	Do	
16 · Yard & garage sales	garageSale.openGarageSale.title	string	Open your garage	Otevřete garáž	
16 · Yard & garage sales	garageSale.openGarageSale.todayWithSummary()	fn	Today · {{1}}	Dnes · {{1}}	
16 · Yard & garage sales	garageSale.openGarageSale.weekendSatSun	string	Sat–Sun	So–Ne	
16 · Yard & garage sales	garageSale.snapSale.auctionTermsBody	string	One neighbor → push to accept, counter, or decline. Two or more → auction between them. Winner pays within 30 minutes.	Jeden soused → push přijmout, přihodit nebo odmítnout. Dva a více → aukce mezi nimi. Vítěz zaplatí do 30 minut.	
16 · Yard & garage sales	garageSale.snapSale.auctionTermsTitle	string	How offers work	Jak nabídky fungují	
16 · Yard & garage sales	garageSale.snapSale.auctionWindowHint	string	Two or more offers → auction between them at close. You won't counter each one.	Dvě a více nabídek → aukce mezi nimi při zavření. Nebudete přihazovat každému zvlášť.	
16 · Yard & garage sales	garageSale.snapSale.auctionWindowLabel	string	Garage hours	Hodiny garáže	
16 · Yard & garage sales	garageSale.snapSale.buyNowLabel	string	Asking price	Požadovaná cena	
16 · Yard & garage sales	garageSale.snapSale.cameraBtn	string	Camera	Foťák	
16 · Yard & garage sales	garageSale.snapSale.connectFailed	string	Payout setup failed.	Nastavení výplat selhalo.	
16 · Yard & garage sales	garageSale.snapSale.continueStripe	string	Connect finances	Připojit finance	
16 · Yard & garage sales	garageSale.snapSale.defaultTitle	string	Garage sale find	Nález z výprodeje	
16 · Yard & garage sales	garageSale.snapSale.eyebrow	string	Garage sale shelf	Police výprodeje	
16 · Yard & garage sales	garageSale.snapSale.finishSetupFirst	string	Sign in above first	Nejdřív se výše přihlaste	
16 · Yard & garage sales	garageSale.snapSale.libraryBtn	string	Photos	Fotky	
16 · Yard & garage sales	garageSale.snapSale.mascotHint	string	skips categories and long forms — this is garage-sale speed.	vynechává kategorie a dlouhé formuláře — tohle je tempo výprodeje.	
16 · Yard & garage sales	garageSale.snapSale.modeOpen	string	Open to offers	Otevřeno nabídkám	
16 · Yard & garage sales	garageSale.snapSale.modeQuick	string	Quick sale	Rychlý prodej	
16 · Yard & garage sales	garageSale.snapSale.noteLabel	string	Quick tag (optional)	Rychlá značka (volitelné)	
16 · Yard & garage sales	garageSale.snapSale.notePlaceholder	string	e.g. Kids bike, works great	např. Dětské kolo, funguje	
16 · Yard & garage sales	garageSale.snapSale.onShelfActive	string	On your shelf · active	Na polici · aktivní	
16 · Yard & garage sales	garageSale.snapSale.openHint	string	Buy now or make an offer — you get a push on every offer to accept, counter, or pass.	Koupit hned nebo nabídnout — u každé nabídky dostanete push: přijmout, přihodit, nebo odmítnout.	
16 · Yard & garage sales	garageSale.snapSale.openingStripe	string	Opening…	Otevírám…	
16 · Yard & garage sales	garageSale.snapSale.photoCta	string	Tap to snap	Klepněte pro foťák	
16 · Yard & garage sales	garageSale.snapSale.photoHint	string	One photo per item — like a tag on the table	Jedna fotka na věc — jako cedulka na stole	
16 · Yard & garage sales	garageSale.snapSale.photoLoadFailed	string	Could not load photo — try again.	Fotku se nepodařilo načíst — zkuste znovu.	
16 · Yard & garage sales	garageSale.snapSale.priceLabel	string	Asking price	Požadovaná cena	
16 · Yard & garage sales	garageSale.snapSale.pricingLabel	string	How neighbors buy	Jak sousedé kupují	
16 · Yard & garage sales	garageSale.snapSale.publishCta	string	Put on shelf →	Dát na polici →	
16 · Yard & garage sales	garageSale.snapSale.publishedHintFirst	string	Your garage shop is live — snap more or preview the shop.	Váš garážový shop je živý — foťte dál nebo náhled shopu.	
16 · Yard & garage sales	garageSale.snapSale.publishedHintMore	string	Another item tagged — keep snapping while you're open.	Další věc označená — foťte dál, dokud máte otevřeno.	
16 · Yard & garage sales	garageSale.snapSale.publishedTitle	string	On your shelf!	Na polici!	
16 · Yard & garage sales	garageSale.snapSale.publishing	string	Adding to shelf…	Přidávám na polici…	
16 · Yard & garage sales	garageSale.snapSale.publishNeedSignIn	string	Sign in before this item can go on the shelf.	Nejdřív se přihlaste, ať položka může na polici.	
16 · Yard & garage sales	garageSale.snapSale.publishNeedStripe	string	Optional: set up payouts below when you want to receive card payments.	Volitelné: níže nastavte výplaty, až budete chtít přijímat platby kartou.	
16 · Yard & garage sales	garageSale.snapSale.publishPayoutHint	string	On the shelf now — connect finances above when you want card payments to reach your bank.	Na polici teď — finance připojte výše, až budete chtít platby kartou na účet.	
16 · Yard & garage sales	garageSale.snapSale.quickHint	string	Sticker price only — neighbors buy now, pay, then message you for pickup. No offers.	Jen cena na cedulce — sousedé koupí hned, zaplatí a napíšou kvůli vyzvednutí. Bez nabídek.	
16 · Yard & garage sales	garageSale.snapSale.refreshStripe	string	I finished setup — refresh	Dokončil(a) jsem nastavení — obnovit	
16 · Yard & garage sales	garageSale.snapSale.setupSignInBody	string	Save items to your account, then publish to the shelf.	Uložte položky na účet a pak je dejte na polici.	
16 · Yard & garage sales	garageSale.snapSale.setupStripeBody	string	Connect finances (ID + bank via Stripe) so neighbors can pay you by card. You can put items on the shelf now and finish this in a minute.	Připojte finance (doklad + banka přes Stripe), aby vám sousedé mohli platit kartou. Na polici můžete dát věci teď a toto dokončit za chvíli.	
16 · Yard & garage sales	garageSale.snapSale.setupStripeTitle	string	One last step — get paid	Zbývá poslední krok — dostat zaplaceno	
16 · Yard & garage sales	garageSale.snapSale.setupTitle	string	Sign in to put items on the shelf	Přihlaste se, abyste dali věci na polici	
16 · Yard & garage sales	garageSale.snapSale.shareWithNeighbors	string	Share with neighbors	Sdílet se sousedy	
16 · Yard & garage sales	garageSale.snapSale.signInContinue	string	Sign in to continue	Přihlásit se a pokračovat	
16 · Yard & garage sales	garageSale.snapSale.snapAnotherCta	string	Snap another item	Vyfotit další	
16 · Yard & garage sales	garageSale.snapSale.stepPhoto	string	1 · Snap photo	1 · Fotka	
16 · Yard & garage sales	garageSale.snapSale.stepTag	string	2 · Tag & price	2 · Značka a cena	
16 · Yard & garage sales	garageSale.snapSale.subtitle	string	Photo on the table first — tag it if you want, set your price. On the shelf in seconds.	Nejdřív fotka na stole — volitelná značka, nastavte cenu. Na polici během vteřin.	
16 · Yard & garage sales	garageSale.snapSale.title	string	Snap a sale item	Vyfotit výprodejovou věc	
16 · Yard & garage sales	garageSale.snapSale.viewShopCta	string	Preview my shop	Náhled mého shopu	
16 · Yard & garage sales	garageSale.yardSaleHub.browse.cta	string	See open sales →	Zobrazit otevřené →	
16 · Yard & garage sales	garageSale.yardSaleHub.browse.subtitle	string	See who's open today on your block	Kdo má dnes otevřeno ve vašem bloku	
16 · Yard & garage sales	garageSale.yardSaleHub.browse.title	string	Browse open garages	Procházet otevřené garáže	
16 · Yard & garage sales	garageSale.yardSaleHub.footer	string	Sale items go on your garage shelf — photo first.	Výprodejové věci patří na polici v garáži — nejdřív fotka.	
16 · Yard & garage sales	garageSale.yardSaleHub.host.cta	string	Set up my sale →	Nastavit výprodej →	
16 · Yard & garage sales	garageSale.yardSaleHub.host.subtitle	string	Hours first · snap photo + price onto the shelf	Nejdřív hodiny · fotka + cena na polici	
16 · Yard & garage sales	garageSale.yardSaleHub.host.title	string	Open my garage	Otevřít moji garáž	
16 · Yard & garage sales	garageSale.yardSaleHub.openBadge	string	OPEN	OTEVŘENO	
16 · Yard & garage sales	garageSale.yardSaleHub.subtitle	string	Browse who's open or set up your own sale.	Prohlédněte otevřené nebo nastavte vlastní výprodej.	
16 · Yard & garage sales	garageSale.yardSaleHub.title	string	Garage sales	Garážové výprodeje	
16 · Yard & garage sales	yardSales.backAria	string	Back to garage sales	Zpět na garážové výprodeje	
16 · Yard & garage sales	yardSales.browseCta	string	Browse the block →	Procházet blok →	
16 · Yard & garage sales	yardSales.emptyBody	string	Check back on weekends, or browse neighbor items for buy deals.	Zkuste to o víkendu, nebo procházejte věci sousedů ke koupi.	
16 · Yard & garage sales	yardSales.emptyTitle	string	No yard sales on the map yet	Na mapě zatím žádné výprodeje	
16 · Yard & garage sales	yardSales.forSale()	fn	{{1}} for sale	{{1}} na prodej	
16 · Yard & garage sales	yardSales.hoursTbd	string	HOURS TBD	HODINY?	
16 · Yard & garage sales	yardSales.loading	string	Loading open sales near you…	Načítám otevřené výprodeje poblíž…	
16 · Yard & garage sales	yardSales.mixedSale	string	Mixed yard sale	Smíšený výprodej	
16 · Yard & garage sales	yardSales.noneOpenHint	string	Weekend sales in your cluster — tap a garage to peek inside	Víkendové výprodeje ve vašem clusteru — klepněte na garáž a nahlédněte	
16 · Yard & garage sales	yardSales.openCount()	fn	{{1}} open sales near you today	{{1}} otevřené výprodeje poblíž dnes	
16 · Yard & garage sales	yardSales.openNow	string	OPEN NOW	OTEVŘENO	
16 · Yard & garage sales	yardSales.scheduled	string	SCHEDULED	PLÁNOVÁNO	
16 · Yard & garage sales	yardSales.subtitle	string	Saturday-drive mode — who's open near you	Sobotní projížďka — kdo má otevřeno poblíž	
16 · Yard & garage sales	yardSales.title	string	Yard sales & open garages	Výprodeje a otevřené garáže	
16 · Yard & garage sales	yardSales.today	string	TODAY	DNES	
16 · Yard & garage sales	yardSales.weekend	string	WEEKEND	VÍKEND	
17 · Mr. Evorios	mrEvorios.addToHomeSubtitle	string	Works like an app — faster, full screen	Funguje jako aplikace — rychleji, na celou obrazovku	
17 · Mr. Evorios	mrEvorios.addToHomeTitle	string	Add to Home Screen	Přidat na plochu	
17 · Mr. Evorios	mrEvorios.backToMenuAria	string	Back to menu	Zpět do menu	
17 · Mr. Evorios	mrEvorios.chat	string	Chat	Chat	
17 · Mr. Evorios	mrEvorios.chatListingSubtitle()	fn	Voice or text · step {{1}} of undefined	Hlas nebo text · krok {{1}} z undefined	
17 · Mr. Evorios	mrEvorios.chatPrompt()	fn	Didn't find it in FAQ? Ask {{1}} below — type or tap the mic.	Nenašli jste to ve FAQ? Zeptejte se {{1}} níže — napište nebo klepněte na mikrofon.	
17 · Mr. Evorios	mrEvorios.chatSubtitle	string	Voice or text — I know where you are in the app	Hlas nebo text — vím, kde v aplikaci jste	
17 · Mr. Evorios	mrEvorios.chatWith()	fn	Chat with {{1}}	Chat s {{1}}	
17 · Mr. Evorios	mrEvorios.closeHintAria()	fn	Close {{1}} hint	Zavřít tip od {{1}}	
17 · Mr. Evorios	mrEvorios.closeMenuAria()	fn	Close {{1}} menu	Zavřít menu {{1}}	
17 · Mr. Evorios	mrEvorios.companionSubtitle	string	Your AI companion	Váš AI společník	
17 · Mr. Evorios	mrEvorios.editThenSend	string	Edit the text if needed, then tap Send.	Upravte text, pokud je potřeba, a klepněte na Odeslat.	
17 · Mr. Evorios	mrEvorios.faq	string	FAQ	FAQ	
17 · Mr. Evorios	mrEvorios.guides	string	Guides	Průvodce	
17 · Mr. Evorios	mrEvorios.guidesBrowseBody	string	Open Home and explore the block feed	Otevřít Domů a feed bloku	
17 · Mr. Evorios	mrEvorios.guidesBrowseTitle	string	Browse nearby	Procházet okolí	
17 · Mr. Evorios	mrEvorios.guidesGarageBody	string	Your storefront, requests, and earnings	Výloha, žádosti a výdělky	
17 · Mr. Evorios	mrEvorios.guidesGarageTitle	string	My Garage	Moje garáž	
17 · Mr. Evorios	mrEvorios.guidesHint	string	Jump to the right place in the app	Skočte rovnou na správné místo v aplikaci	
17 · Mr. Evorios	mrEvorios.guidesHowBody	string	Categories, Browse vs Garage, where to tap	Kategorie, Procházet vs Garáž, kam klepnout	
17 · Mr. Evorios	mrEvorios.guidesHowTitle()	fn	How {{1}} works	Jak funguje {{1}}	
17 · Mr. Evorios	mrEvorios.guidesListBody	string	Photos → details → publish with the green +	Fotky → detaily → publikovat přes zelené +	
17 · Mr. Evorios	mrEvorios.guidesListTitle	string	List something	Přidat nabídku	
17 · Mr. Evorios	mrEvorios.guidesProfileBody	string	Name, phone, Stripe payouts, sign-out	Jméno, telefon, Stripe výplaty, odhlášení	
17 · Mr. Evorios	mrEvorios.guidesProfileTitle	string	Profile & payouts	Profil a výplaty	
17 · Mr. Evorios	mrEvorios.guidesTitle	string	Quick starts	Rychlé starty	
17 · Mr. Evorios	mrEvorios.helpFaqSubtitle()	fn	Common questions — or ask {{1}}	Časté otázky — nebo se zeptejte {{1}}	
17 · Mr. Evorios	mrEvorios.helpFaqTitle	string	Help & FAQ	Nápověda a FAQ	
17 · Mr. Evorios	mrEvorios.helpWithListing	string	Help with this listing	Pomoc s touto nabídkou	
17 · Mr. Evorios	mrEvorios.hideHintAria()	fn	Hide {{1}} hint	Skrýt tip od {{1}}	
17 · Mr. Evorios	mrEvorios.installAppTitle	string	Install app	Nainstalovat aplikaci	
17 · Mr. Evorios	mrEvorios.listeningHint	string	Listening… text appears in the box — stop the mic, edit if needed, then Send.	Poslouchám… text se objeví v poli — zastavte mikrofon, upravte a pak Odeslat.	
17 · Mr. Evorios	mrEvorios.listingHelpTitle	string	Listing help	Nápověda k nabídce	
17 · Mr. Evorios	mrEvorios.listingStepOf()	fn	Listing · Step {{1}} of undefined	Nabídka · Krok {{1}} z undefined	
17 · Mr. Evorios	mrEvorios.needHelpSeed()	fn	Hi {{1}} — I need help on this screen.	Ahoj {{1}} — potřebuji pomoc na této obrazovce.	
17 · Mr. Evorios	mrEvorios.openMenuAria()	fn	Open {{1}} menu	Otevřít menu {{1}}	
17 · Mr. Evorios	mrEvorios.placeholderIdle	string	Type or tap mic…	Napište nebo klepněte na mikrofon…	
17 · Mr. Evorios	mrEvorios.placeholderListening	string	Listening — your words show up here…	Poslouchám — vaše slova se objeví tady…	
17 · Mr. Evorios	mrEvorios.quickTipsEarn[0].a	string	Tap the green + in the footer and walk through the listing wizard. Published items appear in My Garage for neighbors to find.	Klepněte na zelené + dole a projděte průvodce nabídkou. Publikované věci uvidí sousedé ve vaší výloze.	
17 · Mr. Evorios	mrEvorios.quickTipsEarn[0].q	string	How do I stock my garage?	Jak naplním garáž?	
17 · Mr. Evorios	mrEvorios.quickTipsEarn[1].a	string	Tools, garden, home, party, sports, camping, electronics, photo, bikes, fitness, and more. Open How Evorios works in More to expand each category.	Nářadí, zahrada, domácnost, párty, sport, kemp, elektronika, foto, kola, fitness a další. V More → How Evorios works rozbalíte každou kategorii.	
17 · Mr. Evorios	mrEvorios.quickTipsEarn[1].q	string	Which categories can I list?	Jaké kategorie můžu vystavit?	
17 · Mr. Evorios	mrEvorios.quickTipsEarn[2].a	string	Evorios is a neighbor marketplace: every home can rent, sell, or gift from a garage storefront. Browse nearby garages, or stock your own shelf for the block.	Evorios je sousedský trh: každý dům může půjčovat, prodávat nebo darovat z garážové výlohy. Procházejte blízké garáže, nebo naplňte vlastní polici.	
17 · Mr. Evorios	mrEvorios.quickTipsEarn[2].q	string	What is Evorios — household marketplace?	Co je Evorios — sousedský trh?	
17 · Mr. Evorios	mrEvorios.quickTipsEarn[3].a	string	Garage = your listings, requests, and earnings. Profile (under More) = name, photo, phone, payouts, and sign-out. Switch Browse vs My Garage anytime from the footer.	Garáž = nabídky, žádosti a výdělky. Profil (v More) = jméno, foto, telefon, výplaty a odhlášení. Mezi Procházet a Moje garáž přepínáte kdykoli.	
17 · Mr. Evorios	mrEvorios.quickTipsEarn[3].q	string	Profile vs Garage — what's the difference?	Profil vs Garáž — jaký je rozdíl?	
17 · Mr. Evorios	mrEvorios.quickTipsEarn[4].a	string	Use the Home tab to browse the block and categories. Garage stays your seller toolkit — you can switch between them anytime.	Záložka Domů je procházení bloku a kategorií. Garáž zůstává prodejní toolkit — mezi nimi přepínáte kdykoli.	
17 · Mr. Evorios	mrEvorios.quickTipsEarn[4].q	string	How do I switch to Browse?	Jak přepnu na Procházet?	
17 · Mr. Evorios	mrEvorios.quickTipsHint	string	Tap a question to expand the answer	Klepněte na otázku — odpověď se rozbalí	
17 · Mr. Evorios	mrEvorios.quickTipsRent[0].a	string	On Home, tap a category chip (Tools, Garden, Party…) or open How Evorios works in More to see household and pro shelves. Then filter All · Rent · Buy on the feed.	Na Domů klepněte na chip kategorie (Nářadí, Zahrada, Párty…) nebo v More otevřete How Evorios works. Pak filtrujte All · Rent · Buy ve feedu.	
17 · Mr. Evorios	mrEvorios.quickTipsRent[0].q	string	How do I browse by category?	Jak procházím podle kategorie?	
17 · Mr. Evorios	mrEvorios.quickTipsRent[1].a	string	Home = browse. Mr. Evorios = help tips + chat. Green + = list a new item. Garage = your storefront & earnings. More = profile, rentals, favorites, and How Evorios works.	Domů = procházení. Mr. Evorios = tipy + chat. Zelené + = nová položka. Garáž = výloha a výdělky. More = profil, půjčky, oblíbené a How Evorios works.	
17 · Mr. Evorios	mrEvorios.quickTipsRent[1].q	string	Menu buttons — what does each tab do?	Co dělají tlačítka dolního menu?	
17 · Mr. Evorios	mrEvorios.quickTipsRent[2].a	string	Evorios is a neighbor marketplace: every home can rent, sell, or gift from a garage storefront. Browse nearby garages, or stock your own shelf for the block.	Evorios je sousedský trh: každý dům může půjčovat, prodávat nebo darovat z garážové výlohy. Procházejte blízké garáže, nebo naplňte vlastní polici.	
17 · Mr. Evorios	mrEvorios.quickTipsRent[2].q	string	What is Evorios — household marketplace?	Co je Evorios — sousedský trh?	
17 · Mr. Evorios	mrEvorios.quickTipsRent[3].a	string	Garage = your listings, requests, and earnings. Profile (under More) = name, photo, phone, payouts, and sign-out. Switch Browse vs My Garage anytime from the footer.	Garáž = nabídky, žádosti a výdělky. Profil (v More) = jméno, foto, telefon, výplaty a odhlášení. Mezi Procházet a Moje garáž přepínáte kdykoli.	
17 · Mr. Evorios	mrEvorios.quickTipsRent[3].q	string	Profile vs Garage — what's the difference?	Profil vs Garáž — jaký je rozdíl?	
17 · Mr. Evorios	mrEvorios.quickTipsRent[4].a	string	Tap the green + in the footer. Follow the wizard: photos → details → pricing → pickup → availability → QR → publish. Then open Garage to manage what you listed.	Klepněte na zelené + dole. Průvodce: fotky → detaily → cena → vyzvednutí → dostupnost → QR → publikovat. Pak v Garáži spravujte nabídky.	
17 · Mr. Evorios	mrEvorios.quickTipsRent[4].q	string	How do I list my first item?	Jak vystavím první věc?	
17 · Mr. Evorios	mrEvorios.quickTipsTitle	string	Popular questions	Populární otázky	
17 · Mr. Evorios	mrEvorios.showHintAria()	fn	Show {{1}} hint	Zobrazit tip od {{1}}	
17 · Mr. Evorios	mrEvorios.subtitle()	fn	{{1}} guide · mode: undefined	{{1}} průvodce · režim: undefined	
17 · Mr. Evorios	mrEvorios.tapAgainToClose()	fn	Tap {{1}} again to close	Klepněte znovu na {{1}} pro zavření	
17 · Mr. Evorios	mrEvorios.tapForTips()	fn	Tap {{1}} for tips	Klepněte na {{1}} pro tipy	
17 · Mr. Evorios	mrEvorios.welcome()	fn	Hi! I'm {{1}}. Ask anything about the app — I check FAQ first, then AI if needed.	Ahoj! Jsem {{1}}. Zeptejte se na cokoliv v aplikaci — nejdřív hledám ve FAQ, AI až když je potřeba.	
18 · How it works / catalog	catalog.explorerHint	string	Tap a category to see what’s inside — household and pro shelves.	Klepněte na kategorii a podívejte se dovnitř — police pro domácnost i pro.	
18 · How it works / catalog	catalog.household	string	Household	Domácnost	
18 · How it works / catalog	catalog.pro	string	Pro / business	Pro / business	
18 · How it works / catalog	howItWorks.askCta()	fn	Ask {{1}}	Zeptat se {{1}}	
18 · How it works / catalog	howItWorks.browseCta	string	Browse the block	Procházet blok	
18 · How it works / catalog	howItWorks.catalogHint	string	Tap a category to see household and pro subcategories — the same list you use when browsing or stocking with +.	Klepněte na kategorii a uvidíte podkategorie (domácnost / pro) — stejný seznam jako při prohlížení nebo přidání přes +.	
18 · How it works / catalog	howItWorks.ideaBody1()	fn	{{1}} is a neighborhood marketplace. Each household is a business cell — your garage is the storefront for the block.	{{1}} je sousedský trh. Každá domácnost je obchodní buňka — garáž je výloha pro blok.	
18 · How it works / catalog	howItWorks.ideaBody2	string	Neighbors browse nearby shelves. You stock tools, plants, cameras, party gear, and more — one garage toolkit, not a separate shop for every item.	Sousedé procházejí police poblíž. Vy vystavíte nářadí, rostliny, foťáky, párty — jeden toolkit garáže, ne samostatný obchod pro každou věc.	
18 · How it works / catalog	howItWorks.modeGiftBody	string	Pass things along free — set Sell price to $0 when listing.	Předejte věci zdarma — při vystavení nastavte Prodej na $0.	
18 · How it works / catalog	howItWorks.modeGiftTitle	string	Gift	Darovat	
18 · How it works / catalog	howItWorks.modeRentBody	string	Borrow for a day or week — or earn when someone borrows from your garage.	Půjčte si na den nebo týden — nebo vydělávejte, když si někdo půjčí od vás.	
18 · How it works / catalog	howItWorks.modeRentTitle	string	Rent	Půjčit	
18 · How it works / catalog	howItWorks.modeSellBody	string	Buy from a neighbor’s shelf, or clear your own garage with priced listings.	Kupte z police souseda, nebo vyčistěte garáž vlastními nabídkami.	
18 · How it works / catalog	howItWorks.modeSellTitle	string	Sell	Prodat	
18 · How it works / catalog	howItWorks.navGarageBody	string	Your household storefront: listings, drafts, and host tools.	Výloha domácnosti: nabídky, koncepty a nástroje hostitele.	
18 · How it works / catalog	howItWorks.navGarageTitle	string	Garage	Garáž	
18 · How it works / catalog	howItWorks.navHomeBody	string	Home opens garages near you. Filter All · Rent · Buy, or open Yard & garage sales. Stock from + or My Garage.	Domů otevře garáže poblíž. Filtr Vše · Půjčit · Koupit, nebo Garážové výprodeje. Vystavujte přes + nebo Moje garáž.	
18 · How it works / catalog	howItWorks.navHomeTitle	string	Home	Domů	
18 · How it works / catalog	howItWorks.navMoreBody()	fn	Account, rentals, favorites, and Messages — in-app chat for pickup details. {{1}} is for FAQ + help chat.	Účet, půjčky, oblíbené a Zprávy — chat pro detaily vyzvednutí. {{1}} je pro FAQ a pomoc.	
18 · How it works / catalog	howItWorks.navMoreTitle	string	More / Messages	Více / Zprávy	
18 · How it works / catalog	howItWorks.navStockBody	string	List something from your garage — photos, category, rent and/or sell.	Vystavte něco z garáže — fotky, kategorie, půjčka a/nebo prodej.	
18 · How it works / catalog	howItWorks.navStockTitle	string	Green + (Stock)	Zelené + (Přidat)	
18 · How it works / catalog	howItWorks.rememberBody	string	Same profile for browsing and hosting. Switch anytime between Browse and My Garage in Profile.	Stejný profil pro prohlížení i hostování. Mezi Procházet a Moje garáž přepnete v Profilu.	
18 · How it works / catalog	howItWorks.rememberTitle	string	Remember	Pamatujte	
18 · How it works / catalog	howItWorks.stepOf()	fn	Step {{1}} of undefined	Krok {{1}} z undefined	
18 · How it works / catalog	howItWorks.steps.categories.subtitle	string	What’s on the block	Co je na bloku	
18 · How it works / catalog	howItWorks.steps.categories.title	string	Categories & subcategories	Kategorie a podkategorie	
18 · How it works / catalog	howItWorks.steps.idea.subtitle	string	Households as storefronts	Domácnosti jako výlohy	
18 · How it works / catalog	howItWorks.steps.idea.title	string	The idea	Myšlenka	
18 · How it works / catalog	howItWorks.steps.modes.subtitle	string	Three ways to share	Tři způsoby sdílení	
18 · How it works / catalog	howItWorks.steps.modes.title	string	Rent · Sell · Gift	Půjčit · Prodat · Darovat	
18 · How it works / catalog	howItWorks.steps.navigate.subtitle	string	Home, +, Garage, More	Domů, +, Garáž, Více	
18 · How it works / catalog	howItWorks.steps.navigate.title	string	Where to tap	Kam klepnout	
18 · How it works / catalog	howItWorks.stockCta	string	Stock my garage (+)	Naplnit garáž (+)	
18 · How it works / catalog	howItWorks.title()	fn	How {{1}} works	Jak funguje {{1}}	
19 · Profile	profile.account	string	Account	Účet	
19 · Profile	profile.addPhone	string	Add phone	Přidat telefon	
19 · Profile	profile.addProfilePhoto	string	Add profile photo	Přidat profilovou fotku	
19 · Profile	profile.addYourName	string	Add your name	Přidat jméno	
19 · Profile	profile.asHost	string	As host	Jako hostitel	
19 · Profile	profile.asRenter	string	As renter	Jako nájemce	
19 · Profile	profile.authSection	string	Auth	Přihlášení	
19 · Profile	profile.bankConnected	string	Bank account connected	Bankovní účet připojen	
19 · Profile	profile.coHosts	string	Co-hosts	Spoluhostitelé	
19 · Profile	profile.coHostsHint	string	Invite helpers for your listings	Pozvěte pomocníky k vašim nabídkám	
19 · Profile	profile.completeId	string	Complete ID for higher limits	Dokončete ověření identity pro vyšší limity	
19 · Profile	profile.connectBank	string	Connect bank account	Připojit bankovní účet	
19 · Profile	profile.couldNotLoadAccount	string	Could not load your account. Try signing out and back in.	Účet se nepodařilo načíst. Zkuste se odhlásit a znovu přihlásit.	
19 · Profile	profile.defaultExperience	string	Browse or My Garage	Procházet nebo Moje garáž	
19 · Profile	profile.defaultExperienceHint	string	Browse is the block feed; My Garage is your storefront. Switch anytime on Home or Garage — or list with +.	Procházet je feed bloku; Moje garáž je výloha. Přepínejte Domů nebo Garáž — nebo vystavte přes +.	
19 · Profile	profile.deleteAccount	string	Delete account	Smazat účet	
19 · Profile	profile.displayNameHint	string	Add a display name so hosts and renters know who they are meeting.	Přidejte zobrazované jméno, ať hostitelé a nájemci vědí, s kým se potkávají.	
19 · Profile	profile.fullyVerified	string	Fully verified	Plně ověřeno	
19 · Profile	profile.helpFaq	string	Help & FAQ	Nápověda a FAQ	
19 · Profile	profile.language	string	Language	Jazyk	
19 · Profile	profile.languageAuto	string	Auto (follows phone)	Automaticky (podle telefonu)	
19 · Profile	profile.languageAutoTranslated()	fn	Auto · {{1}} (instant translate)	Auto · {{1}} (okamžitý překlad)	
19 · Profile	profile.languageHint	string	Auto follows your phone. English and Čeština use our built-in UI; other languages (Polish, Spanish, French…) translate instantly — like Google Translate.	Automaticky podle telefonu. Angličtina a čeština jsou vestavěné; ostatní jazyky (polština, španělština, francouzština…) se přeloží ihned — jako Google Translate.	
19 · Profile	profile.languageValue()	fn	{{1}}	{{1}}	
19 · Profile	profile.listingsCount()	fn	{{1}} listings	{{1}} nabídek	
19 · Profile	profile.location	string	Location	Poloha	
19 · Profile	profile.memberSince()	fn	Member since {{1}}	Člen od {{1}}	
19 · Profile	profile.name	string	Name	Jméno	
19 · Profile	profile.noComment	string	No comment	Bez komentáře	
19 · Profile	profile.noListingsYet	string	No listings yet	Zatím žádné nabídky	
19 · Profile	profile.noRentalsYet	string	No rentals yet	Zatím žádné půjčky	
19 · Profile	profile.notifications	string	Notifications	Oznámení	
19 · Profile	profile.notSignedIn	string	Not signed in	Nepřihlášen	
19 · Profile	profile.off	string	Off	Vypnuto	
19 · Profile	profile.on	string	On	Zapnuto	
19 · Profile	profile.openingStripe	string	Opening Stripe…	Otevírám Stripe…	
19 · Profile	profile.payouts	string	Payouts	Výplaty	
19 · Profile	profile.payoutsEnabled()	fn	Payouts enabled · **** {{1}}	Výplaty povoleny · **** {{1}}	
19 · Profile	profile.pendingVerification	string	Pending verification	Čeká na ověření	
19 · Profile	profile.personalInfo	string	Personal info	Osobní údaje	
19 · Profile	profile.phone	string	Phone	Telefon	
19 · Profile	profile.preferences	string	Preferences	Předvolby	
19 · Profile	profile.preferredModeAria	string	Preferred mode	Preferovaný režim	
19 · Profile	profile.previewPublicProfile	string	Preview public profile	Náhled veřejného profilu	
19 · Profile	profile.publicPreviewUnavailable	string	Public profile preview is unavailable right now.	Náhled veřejného profilu teď není k dispozici.	
19 · Profile	profile.requiredPayouts	string	Required to receive payouts	Nutné pro příjem výplat	
19 · Profile	profile.resetApp	string	Reset app	Resetovat aplikaci	
19 · Profile	profile.response	string	Response	Odezva	
19 · Profile	profile.reviews	string	Reviews	Recenze	
19 · Profile	profile.reviewsHint	string	View ratings as renter and host	Zobrazit hodnocení jako nájemce i hostitel	
19 · Profile	profile.signedInAs()	fn	Signed in as {{1}}	Přihlášen jako {{1}}	
19 · Profile	profile.signInCreate	string	Sign in or create account	Přihlásit se nebo vytvořit účet	
19 · Profile	profile.signingOut	string	Signing out…	Odhlašuji…	
19 · Profile	profile.signInPublicProfile	string	Sign in to view your public profile	Přihlaste se pro zobrazení veřejného profilu	
19 · Profile	profile.signInRequired	string	Sign in required	Vyžadováno přihlášení	
19 · Profile	profile.signOut	string	Sign out	Odhlásit se	
19 · Profile	profile.trustPayments	string	Trust & payments	Důvěra a platby	
19 · Profile	profile.userFallback	string	user	uživatel	
19 · Profile	profile.verification	string	Verification	Ověření	
19 · Profile	profile.whatShouldWeCallYou	string	What should we call you?	Jak vás máme oslovovat?	
19 · Profile	profile.yourStats	string	Your stats	Vaše statistiky	
19 · Profile	profileDeep.coHosts.accept	string	Accept	Přijmout	
19 · Profile	profileDeep.coHosts.activeCoHosts()	fn	Active co-hosts ({{1}})	Aktivní spoluhostitelé ({{1}})	
19 · Profile	profileDeep.coHosts.copyFailed	string	Could not copy link. Long-press the link below to copy manually.	Odkaz se nepodařilo zkopírovat. Dlouhým stiskem níže ho zkopírujte ručně.	
19 · Profile	profileDeep.coHosts.copyLink	string	Copy link	Kopírovat odkaz	
19 · Profile	profileDeep.coHosts.copySuccess	string	Invite link copied — they should sign in with the invited email.	Odkaz zkopírován — mají se přihlásit pozvaným e-mailem.	
19 · Profile	profileDeep.coHosts.decline	string	Decline	Odmítnout	
19 · Profile	profileDeep.coHosts.emailLabel	string	Email address	E-mailová adresa	
19 · Profile	profileDeep.coHosts.emailPlaceholder	string	helper@example.com	pomocnik@example.com	
19 · Profile	profileDeep.coHosts.emptyBody	string	Add someone who helps with many rentals — they can manage listings and requests with you.	Přidejte někoho, kdo vám pomáhá s půjčkami — může s vámi spravovat nabídky a žádosti.	
19 · Profile	profileDeep.coHosts.emptyTitle	string	No co-hosts yet	Zatím žádní spoluhostitelé	
19 · Profile	profileDeep.coHosts.errAlreadyCoHost	string	This person is already a co-host.	Tato osoba už je spoluhostitel.	
19 · Profile	profileDeep.coHosts.errInvalidEmail	string	Enter a valid email address.	Zadejte platnou e-mailovou adresu.	
19 · Profile	profileDeep.coHosts.errInviteNotFound	string	Invite not found.	Pozvánka nenalezena.	
19 · Profile	profileDeep.coHosts.errInviteNotPending	string	This invite is no longer pending.	Tato pozvánka už není čekající.	
19 · Profile	profileDeep.coHosts.errInvitePending	string	An invite is already pending for this email.	Pro tento e-mail už čeká pozvánka.	
19 · Profile	profileDeep.coHosts.errSelfInvite	string	You cannot invite yourself.	Nemůžete pozvat sami sebe.	
19 · Profile	profileDeep.coHosts.invitationsForYou	string	Invitations for you	Pozvánky pro vás	
19 · Profile	profileDeep.coHosts.inviteCardBody()	fn	You were invited as a co-host ({{1}}).	Byli jste pozváni jako spoluhostitel ({{1}}).	
19 · Profile	profileDeep.coHosts.inviteCardTitle	string	Co-host for a host account	Spoluhostitel u účtu hostitele	
19 · Profile	profileDeep.coHosts.inviteHint	string	Copy the invite link and send it yourself. They sign in with the invited email, then accept under Invitations for you.	Zkopírujte odkaz a pošlete ho sami. Přihlásí se pozvaným e-mailem a přijmou pozvánku v sekci Pozvánky pro vás.	
19 · Profile	profileDeep.coHosts.inviteSaved	string	Invite saved. Copy the link below and send it to your co-host.	Pozvánka uložena. Zkopírujte odkaz níže a pošlete ho spoluhostiteli.	
19 · Profile	profileDeep.coHosts.inviteSection	string	Invite co-host	Pozvat spoluhostitele	
19 · Profile	profileDeep.coHosts.markActive	string	Mark active	Označit jako aktivní	
19 · Profile	profileDeep.coHosts.pendingInvites	string	Pending invites	Čekající pozvánky	
19 · Profile	profileDeep.coHosts.remove	string	Remove	Odebrat	
19 · Profile	profileDeep.coHosts.removeAria()	fn	Remove {{1}}	Odebrat {{1}}	
19 · Profile	profileDeep.coHosts.saveInvite	string	Save invite	Uložit pozvánku	
19 · Profile	profileDeep.coHosts.saving	string	Saving…	Ukládám…	
19 · Profile	profileDeep.coHosts.shareInviteLink	string	Share invite link	Sdílet odkaz na pozvánku	
19 · Profile	profileDeep.coHosts.statusActive	string	Active	Aktivní	
19 · Profile	profileDeep.coHosts.statusPending	string	Pending invite	Čekající pozvánka	
19 · Profile	profileDeep.coHosts.subtitle	string	Invite people to help manage all of your listings and rental requests. Co-hosts get the same host tools you use in Earn mode (v1: account-wide access, not per listing).	Pozvěte lidi, kteří vám pomohou spravovat všechny nabídky a žádosti o půjčení. Spoluhostitelé mají stejné nástroje jako vy v režimu Vydělávat (v1: přístup na celý účet, ne po nabídkách).	
19 · Profile	profileDeep.coHosts.title	string	Co-hosts	Spoluhostitelé	
19 · Profile	profileDeep.deleteAccount.body	string	This permanently deletes your Supabase auth account and clears local app data on this device. Active rentals and listings may still need manual review on the server.	Trvale smaže váš účet v Supabase Auth a vymaže místní data aplikace na tomto zařízení. Aktivní půjčky a nabídky mohou na serveru ještě vyžadovat ruční kontrolu.	
19 · Profile	profileDeep.deleteAccount.deleteBusy	string	Deleting…	Mažu…	
19 · Profile	profileDeep.deleteAccount.deleteCta	string	Delete account permanently	Trvale smazat účet	
19 · Profile	profileDeep.deleteAccount.reauthBusy	string	Opening passkey…	Otevírám passkey…	
19 · Profile	profileDeep.deleteAccount.reauthCta	string	Re-auth with Passkey	Znovu ověřit passkey	
19 · Profile	profileDeep.deleteAccount.reauthSuccess	string	Re-authenticated with passkey. You can continue.	Znovu ověřeno passkey. Můžete pokračovat.	
19 · Profile	profileDeep.deleteAccount.somethingWrong	string	Something went wrong.	Něco se pokazilo.	
19 · Profile	profileDeep.deleteAccount.supportHint	string	If deletion fails, email support@evorios.com and we’ll finish removing your account.	Pokud smazání selže, napište na support@evorios.com a účet vám dořešíme.	
19 · Profile	profileDeep.deleteAccount.title	string	Delete account	Smazat účet	
19 · Profile	profileDeep.identity.failed	string	Verification failed.	Ověření selhalo.	
19 · Profile	profileDeep.identity.signInHint	string	Sign in to start identity verification.	Přihlaste se a spusťte ověření identity.	
19 · Profile	profileDeep.identity.startCta	string	Start verification	Spustit ověření	
19 · Profile	profileDeep.identity.starting	string	Starting…	Spouštím…	
19 · Profile	profileDeep.identity.subtitle	string	One quick step before you go live.	Jeden rychlý krok, než půjdete naživo.	
19 · Profile	profileDeep.identity.title	string	Identity verification	Ověření identity	
19 · Profile	profileDeep.identity.verifyOnceBody	string	Optional extra badge. Payouts use Stripe Connect (ID + bank) when you want to receive money.	Volitelný odznak navíc. Výplaty jdou přes Stripe Connect (doklad + banka), až budete chtít přijímat peníze.	
19 · Profile	profileDeep.identity.verifyOnceTitle	string	Verify once	Ověřit jednou	
19 · Profile	profileDeep.personalInfo.addName	string	Add your name	Přidejte jméno	
19 · Profile	profileDeep.personalInfo.addPhone	string	Add phone	Přidat telefon	
19 · Profile	profileDeep.personalInfo.displayName	string	Display name	Zobrazované jméno	
19 · Profile	profileDeep.personalInfo.email	string	Email	E-mail	
19 · Profile	profileDeep.personalInfo.emailChangeHint	string	To use a different email, sign out and sign in again with that address. Changing email here is not supported yet.	Chcete-li použít jiný e-mail, odhlaste se a přihlaste se znovu s tou adresou. Změna e-mailu zde zatím není podporována.	
19 · Profile	profileDeep.personalInfo.loadingEmail	string	Loading sign-in email…	Načítám přihlašovací e-mail…	
19 · Profile	profileDeep.personalInfo.nameLabel	string	Name	Jméno	
19 · Profile	profileDeep.personalInfo.namePlaceholder	string	Your name	Vaše jméno	
19 · Profile	profileDeep.personalInfo.notSignedIn	string	Not signed in	Nejste přihlášeni	
19 · Profile	profileDeep.personalInfo.phone	string	Phone	Telefon	
19 · Profile	profileDeep.personalInfo.phoneLabel	string	Phone number	Telefonní číslo	
19 · Profile	profileDeep.personalInfo.phonePlaceholder	string	(555) 555-5555	(555) 555-5555	
19 · Profile	profileDeep.personalInfo.subtitle	string	Email is your sign-in address. Name and phone appear on your profile and rentals.	E-mail je vaše přihlašovací adresa. Jméno a telefon se zobrazují na profilu a u půjček.	
19 · Profile	profileDeep.personalInfo.title	string	Personal info	Osobní údaje	
19 · Profile	profileDeep.photoOnboarding.body()	fn	A clear photo of your face is required on {{1}}. No emoji or random avatars — this is a trust platform.	Na {{1}} je potřeba jasná fotka vaší tváře. Žádná emoji ani náhodní avataři — jde o platformu důvěry.	
19 · Profile	profileDeep.photoOnboarding.chooseLibrary	string	Choose from library	Vybrat z galerie	
19 · Profile	profileDeep.photoOnboarding.hint	string	People trust you with their things. A real photo builds that trust — let’s take one now.	Lidé vám svěřují své věci. Skutečná fotka buduje důvěru — pořiďme ji teď.	
19 · Profile	profileDeep.photoOnboarding.libraryWarning	string	Use a recent photo where your face is clearly visible. Library photos that don’t look like you at pickup may delay rentals.	Použijte nedávnou fotku, kde je tvář jasně vidět. Fotky z galerie, které na předání nevypadají jako vy, mohou půjčky zdržet.	
19 · Profile	profileDeep.photoOnboarding.openFullProfile	string	Open full profile	Otevřít celý profil	
19 · Profile	profileDeep.photoOnboarding.personalInfoEmail	string	Personal info & email	Osobní údaje a e-mail	
19 · Profile	profileDeep.photoOnboarding.previewPublic	string	Preview public profile	Náhled veřejného profilu	
19 · Profile	profileDeep.photoOnboarding.remindLater	string	Remind me later	Připomenout později	
19 · Profile	profileDeep.photoOnboarding.settingsCardBody	string	Need to add email, your name, or preview how neighbors see you? Open full profile settings — you can return to your photo anytime.	Potřebujete doplnit e-mail, jméno, nebo náhled, jak vás sousedé vidí? Otevřete celé nastavení profilu — k fotce se můžete kdykoli vrátit.	
19 · Profile	profileDeep.photoOnboarding.takePhoto	string	Take photo	Vyfotit	
19 · Profile	profileDeep.photoOnboarding.title	string	Add your profile photo	Přidejte profilovou fotku	
19 · Profile	profileDeep.publicProfile.host	string	Host	Hostitel	
19 · Profile	profileDeep.publicProfile.idVerified	string	ID Verified ✓	Doklad ověřen ✓	
19 · Profile	profileDeep.publicProfile.listings	string	Listings	Nabídky	
19 · Profile	profileDeep.publicProfile.loading	string	Loading profile…	Načítám profil…	
19 · Profile	profileDeep.publicProfile.memberSince()	fn	Member since {{1}}	Člen od {{1}}	
19 · Profile	profileDeep.publicProfile.neighbor	string	Neighbor	Soused	
19 · Profile	profileDeep.publicProfile.noComment	string	No comment	Bez komentáře	
19 · Profile	profileDeep.publicProfile.notFound	string	Profile not found.	Profil nenalezen.	
19 · Profile	profileDeep.publicProfile.openSettings	string	Open Profile settings	Otevřít nastavení profilu	
19 · Profile	profileDeep.publicProfile.phoneVerified	string	Phone ✓	Telefon ✓	
19 · Profile	profileDeep.publicProfile.privacyNote	string	Email, phone, address, and payment details are never shown on public profiles.	E-mail, telefon, adresa ani platební údaje se na veřejném profilu nikdy nezobrazují.	
19 · Profile	profileDeep.publicProfile.ratePerDay()	fn	${{1}}/day	{{1}} $/den	
19 · Profile	profileDeep.publicProfile.renter	string	Renter	Nájemce	
19 · Profile	profileDeep.publicProfile.reviews	string	Reviews	Recenze	
19 · Profile	profileDeep.publicProfile.seeAllReviews()	fn	See all {{1}} reviews	Zobrazit všech {{1}} recenzí	
19 · Profile	profileDeep.publicProfile.settingsHint	string	Add your photo, email, and name in Profile settings — neighbors only see what you choose to share publicly.	Fotku, e-mail a jméno doplníte v nastavení Profilu — sousedé uvidí jen to, co zveřejníte.	
19 · Profile	profileDeep.publicProfile.yourPublicProfile	string	Your public profile	Váš veřejný profil	
20 · More menu	more.accountSettings	string	Account settings	Nastavení účtu	
20 · More menu	more.accountSettingsHint	string	Name, phone, payouts, sign out	Jméno, telefon, výplaty, odhlášení	
20 · More menu	more.chatWith()	fn	Chat with {{1}}	Chat s {{1}}	
20 · More menu	more.chatWithHint	string	Always in the bottom menu — tap his tab anytime	Vždy ve spodním menu — klepněte na jeho záložku	
20 · More menu	more.earnDashboard	string	Earn dashboard	Přehled výdělků	
20 · More menu	more.earnDashboardHint	string	Revenue and listing performance	Tržby a výkon nabídek	
20 · More menu	more.favorites	string	Favorites	Oblíbené	
20 · More menu	more.favoritesHint	string	Saved listings	Uložené nabídky	
20 · More menu	more.howItWorks()	fn	How {{1}} works	Jak funguje {{1}}	
20 · More menu	more.howItWorksHint	string	Neighborhood marketplace · categories · where to tap	Sousedský trh · kategorie · kam klepnout	
20 · More menu	more.messages	string	Messages	Zprávy	
20 · More menu	more.messagesHint	string	In-app chat for rentals and purchases	Chat v aplikaci pro půjčky a nákupy	
20 · More menu	more.myGarage	string	My Garage	Moje garáž	
20 · More menu	more.myGarageHint	string	Listings, requests, and earnings	Nabídky, žádosti a výdělky	
20 · More menu	more.notifications	string	Notifications	Oznámení	
20 · More menu	more.notificationsHint	string	Bookings, messages, updates	Rezervace, zprávy, aktualizace	
20 · More menu	more.profileHint	string	Profile & account settings	Profil a nastavení účtu	
20 · More menu	more.rentals	string	Rentals	Půjčky	
20 · More menu	more.rentalsHint	string	Active, upcoming, and history	Aktivní, nadcházející a historie	
20 · More menu	more.sectionActivity	string	Activity	Aktivita	
20 · More menu	more.sectionGarage	string	Your garage	Vaše garáž	
20 · More menu	more.sectionSupport	string	Support	Podpora	
20 · More menu	more.sendFeedback	string	Help & feedback	Pomoc a zpětná vazba	
20 · More menu	more.sendFeedbackHint	string	Report a problem or send an idea — we read these	Nahlaste problém nebo nápad — čteme to	
20 · More menu	more.subtitle	string	Account, bookings, and app settings	Účet, rezervace a nastavení	
20 · More menu	more.title	string	More	Více	
21 · Favorites	favorites.browseCta	string	Browse nearby	Procházet poblíž	
21 · Favorites	favorites.emptyBody	string	Tap the heart on a listing to save it here.	Klepněte na srdce u nabídky a uložte ji sem.	
21 · Favorites	favorites.emptyTitle	string	No favorites yet	Zatím žádné oblíbené	
21 · Favorites	favorites.listingFallback	string	Listing	Nabídka	
21 · Favorites	favorites.ratePerDay()	fn	${{1}}/day	{{1}} $/den	
21 · Favorites	favorites.removeAria()	fn	Remove {{1}} from favorites	Odebrat {{1}} z oblíbených	
21 · Favorites	favorites.subtitle	string	Saved for later — rent or buy	Uloženo na později — půjčit nebo koupit	
21 · Favorites	favorites.title	string	Favorites	Oblíbené	
22 · Messages	messages.buyGift	string	Buy / gift	Nákup / dar	
22 · Messages	messages.emptyBody	string	Open an active rental and tap Message, or message a seller from a listing — threads show up here.	Otevřete aktivní půjčku a klepněte na Zpráva, nebo napište prodejci z nabídky — vlákna se objeví tady.	
22 · Messages	messages.emptyTitle	string	No conversations yet	Zatím žádné konverzace	
22 · Messages	messages.rental	string	Rental	Půjčka	
22 · Messages	messages.signInHint	string	Sign in to sync chats across devices and get push when someone replies.	Přihlaste se pro synchronizaci chatů a push při odpovědi.	
22 · Messages	messages.subtitle	string	In-app chat for rentals and purchases	Chat v aplikaci pro půjčky a nákupy	
22 · Messages	messages.tapToDiscuss	string	Tap to discuss pickup details	Klepněte pro domluvu vyzvednutí	
22 · Messages	messages.title	string	Messages	Zprávy	
22 · Peer chat	peerChat.empty	string	No messages yet — say hi and confirm pickup details.	Zatím žádné zprávy — pozdravte a potvrďte detaily vyzvednutí.	
22 · Peer chat	peerChat.listingChatFallback	string	Listing chat	Chat k nabídce	
22 · Peer chat	peerChat.listingChatSubtitle	string	Chat about pickup · push when they reply	Chat o vyzvednutí · push při odpovědi	
22 · Peer chat	peerChat.placeholder	string	Write a message…	Napsat zprávu…	
22 · Peer chat	peerChat.tip()	fn	Tip: mention @{{1}} for quick help. Push alerts the other person when they enabled notifications.	Tip: zmiňte @{{1}} pro rychlou pomoc. Push upozorní druhou osobu, pokud má oznámení zapnutá.	
22 · Peer chat	peerChat.title	string	Chat	Chat	
23 · Post a request	postRequest.budgetNote()	fn	Budget up to {{1}}/day · within undefined	Rozpočet až {{1}}/den · do undefined	
23 · Post a request	postRequest.budgetNoteBuy()	fn	Budget up to {{1}} to buy · within undefined	Rozpočet až {{1}} na koupi · do undefined	
23 · Post a request	postRequest.budgetNoteEither()	fn	Budget up to {{1}}/day to rent or {{1}} to buy · within undefined	Rozpočet až {{1}}/den na půjčení nebo {{1}} na koupi · do undefined	
23 · Post a request	postRequest.budgetPerDay	string	Budget per day	Rozpočet na den	
23 · Post a request	postRequest.budgetTotal	string	Budget (buy)	Rozpočet (koupě)	
23 · Post a request	postRequest.changeCategory	string	Change category	Změnit kategorii	
23 · Post a request	postRequest.confirm	string	Confirm	Potvrdit	
23 · Post a request	postRequest.continueCta	string	Continue →	Pokračovat →	
23 · Post a request	postRequest.dateRange	string	When do you need it?	Kdy to potřebujete?	
23 · Post a request	postRequest.datesFlexible	string	Flexible / ASAP	Flexibilní / co nejdřív	
23 · Post a request	postRequest.datesFlexibleHint	string	Neighbors can suggest times that work.	Sousedé můžou navrhnout časy, které jim sedí.	
23 · Post a request	postRequest.datesSpecific	string	Specific dates	Konkrétní data	
23 · Post a request	postRequest.describeLabel	string	Describe what you need	Popište, co potřebujete	
23 · Post a request	postRequest.describePlaceholder	string	E.g., Professional camera with tripod for a weekend event…	Např. profesionální foťák se stativem na víkendovou akci…	
23 · Post a request	postRequest.done	string	Done →	Hotovo →	
23 · Post a request	postRequest.endDate	string	End date	Datum konce	
23 · Post a request	postRequest.errorDescription	string	Add a short description so neighbors know what you need.	Přidejte krátký popis, aby sousedé věděli, co potřebujete.	
23 · Post a request	postRequest.errorMissingCategoryLocked	string	Missing category context. Go back and try again.	Chybí kontext kategorie. Vraťte se a zkuste znovu.	
23 · Post a request	postRequest.errorMissingSubcategory	string	Pick a subcategory for your request.	Vyberte podkategorii pro žádost.	
23 · Post a request	postRequest.errorPickCategory	string	Pick a category and subcategory to continue.	Vyberte kategorii a podkategorii a pokračujte.	
23 · Post a request	postRequest.errorPickIntent	string	Choose rent, buy, or either.	Vyberte půjčit, koupit, nebo obojí.	
23 · Post a request	postRequest.errorSignIn	string	Sign in to post a request.	Pro odeslání žádosti se přihlaste.	
23 · Post a request	postRequest.fromDate()	fn	From {{1}}	Od {{1}}	
23 · Post a request	postRequest.headline	string	Can't find it? Ask your neighbors	Nemůžete to najít? Zeptejte se sousedů	
23 · Post a request	postRequest.headlineLocked	string	Tell neighbors what you need	Řekněte sousedům, co potřebujete	
23 · Post a request	postRequest.idPayUpTo	string	I'd pay up to	Zaplatím až	
23 · Post a request	postRequest.intentBuy	string	Buy	Koupit	
23 · Post a request	postRequest.intentEither	string	Either	Jedno i druhé	
23 · Post a request	postRequest.intentHint	string	Rent for a few days, buy to keep it, or stay open to both.	Půjčit na pár dní, koupit natrvalo, nebo nechat obojí otevřené.	
23 · Post a request	postRequest.intentLabel	string	I want to	Chci	
23 · Post a request	postRequest.intentRent	string	Rent	Půjčit	
23 · Post a request	postRequest.locationRadius	string	How far to look	Jak daleko hledat	
23 · Post a request	postRequest.lookingForItemsInCat()	fn	Looking for items in {{1}}	Hledám věci v kategorii {{1}}	
23 · Post a request	postRequest.lookingForQuery()	fn	"Looking for ""{{1}}""."	Hledám „{{1}}“.	
23 · Post a request	postRequest.lookingForQueryNear()	fn	"Looking for ""{{1}}"" near undefined."	Hledám „{{1}}“ poblíž undefined.	
23 · Post a request	postRequest.lookingForSubInCat()	fn	Looking for {{1}} (undefined)	Hledám {{1}} (undefined)	
23 · Post a request	postRequest.nearCity()	fn	near {{1}}	poblíž {{1}}	
23 · Post a request	postRequest.pickSubcategoryHint	string	Tap a category, then choose a subcategory.	Klepněte na kategorii a pak vyberte podkategorii.	
23 · Post a request	postRequest.postCta	string	Post request	Poslat žádost	
23 · Post a request	postRequest.postedTitle	string	Request posted	Žádost odeslána	
23 · Post a request	postRequest.posting	string	Posting…	Odesílám…	
23 · Post a request	postRequest.requestFor	string	Request for	Žádost o	
23 · Post a request	postRequest.reviewEyebrow	string	Your request	Vaše žádost	
23 · Post a request	postRequest.reviewNeighborPreview	string	Neighbor preview	Náhled pro sousedy	
23 · Post a request	postRequest.selectCategory	string	Select category	Vyberte kategorii	
23 · Post a request	postRequest.selectDateRange	string	Select date range	Vybrat rozmezí dat	
23 · Post a request	postRequest.selectDates	string	Pick dates	Vybrat data	
23 · Post a request	postRequest.selectSubcategory	string	Select subcategory	Vyberte podkategorii	
23 · Post a request	postRequest.shareBody	string	The more people see it, the faster you find it.	Čím víc lidí to uvidí, tím rychleji to najdete.	
23 · Post a request	postRequest.shareDefaultText()	fn	Looking for gear near undefined on {{1}}.	Hledám vybavení poblíž undefined na {{1}}.	
23 · Post a request	postRequest.shareNowBody	string	Same as hosts do with listings — the more neighbors see it, the faster you get a reply.	Stejně jako hostitelé s nabídkami — čím víc sousedů to uvidí, tím rychleji dostanete odpověď.	
23 · Post a request	postRequest.shareNowTitle	string	Now share it	Teď ji sdílejte	
23 · Post a request	postRequest.shareTitle	string	Share with your community	Sdílejte s komunitou	
23 · Post a request	postRequest.shareTitleApp()	fn	Request on {{1}}	Žádost na {{1}}	
23 · Post a request	postRequest.startDate	string	Start date	Datum začátku	
23 · Post a request	postRequest.stepCategory	string	Category	Kategorie	
23 · Post a request	postRequest.stepNeed	string	What you need	Co potřebujete	
23 · Post a request	postRequest.stepOf()	fn	Step {{1}} of undefined	Krok {{1}} z undefined	
23 · Post a request	postRequest.stepReview	string	Review	Kontrola	
23 · Post a request	postRequest.stepTiming	string	When & where	Kdy a kde	
23 · Post a request	postRequest.subtitle	string	Someone nearby might have exactly what you need	Někdo poblíž může mít přesně to, co hledáte	
23 · Post a request	postRequest.subtitleLocked	string	Add details below — hosts in your area will see your request	Doplňte detaily — hostitelé ve vaší oblasti žádost uvidí	
23 · Post a request	postRequest.tipCategory	string	Pick a category and subcategory — then we'll shape your request together.	Vyberte kategorii a podkategorii — pak žádost doladíme spolu.	
23 · Post a request	postRequest.tipNeed	string	Tell neighbors what you need, and whether you want to rent or buy.	Řekněte sousedům, co potřebujete, a jestli chcete půjčit nebo koupit.	
23 · Post a request	postRequest.tipReview	string	This is how neighbors will see your request. Looking good?	Takto sousedé uvidí vaši žádost. Vypadá to dobře?	
23 · Post a request	postRequest.tipTiming	string	When do you need it, and how far should we look?	Kdy to potřebujete a jak daleko máme hledat?	
23 · Post a request	postRequest.title	string	Post a Request	Poslat žádost	
23 · Post a request	postRequest.wantedBadge	string	Wanted	Hledám	
23 · Post a request	postRequest.whenFlexible	string	Flexible / ASAP	Flexibilní / co nejdřív	
23 · Post a request	postRequest.whenFrom()	fn	From {{1}}	Od {{1}}	
23 · Post a request	postRequest.whenRange()	fn	{{1}} – undefined	{{1}} – undefined	
23 · Post a request	postRequest.yourArea	string	your area	vaše oblast	
24 · Notifications	notifications.appUpdates	string	App updates	Aktualizace aplikace	
24 · Notifications	notifications.backAria	string	Back to home	Zpět na domů	
24 · Notifications	notifications.checkForUpdates	string	Check for updates	Zkontrolovat aktualizace	
24 · Notifications	notifications.checking	string	Checking…	Kontroluji…	
24 · Notifications	notifications.demoShowUpdate	string	Demo: show update notification	Demo: zobrazit oznámení o aktualizaci	
24 · Notifications	notifications.demoUpdateAdded	string	Demo update notification added.	Demo oznámení o aktualizaci přidáno.	
24 · Notifications	notifications.empty.earn.all.body	string	Booking requests, handoffs, renter chats, and listing updates appear here.	Žádosti o půjčku, předání, chaty s nájemci a aktualizace nabídek se objeví tady.	
24 · Notifications	notifications.empty.earn.all.title	string	No requests on your listings	Žádné žádosti k vašim nabídkám	
24 · Notifications	notifications.empty.earn.bookings.body	string	New rentals, pickup and return windows, and schedule changes for your items.	Nové půjčky, okna vyzvednutí a vrácení a změny rozvrhu u vašich věcí.	
24 · Notifications	notifications.empty.earn.bookings.hint	string	List gear from My Garage (or +) to start receiving requests.	Vystavte vybavení z Moje garáž (nebo +), abyste začali dostávat žádosti.	
24 · Notifications	notifications.empty.earn.bookings.title	string	No booking requests	Žádné žádosti o půjčku	
24 · Notifications	notifications.empty.earn.messages.body	string	Questions before pickup, during a rental, or at return — all in one thread per booking.	Otázky před vyzvednutím, během půjčky nebo při vrácení — vše v jednom vlákně na rezervaci.	
24 · Notifications	notifications.empty.earn.messages.title	string	No renter messages	Žádné zprávy od nájemců	
24 · Notifications	notifications.empty.rent.all.body	string	Bookings, pickup reminders, and owner messages will show up here.	Rezervace, připomínky vyzvednutí a zprávy od majitelů se objeví tady.	
24 · Notifications	notifications.empty.rent.all.title	string	Nothing new for your rentals	Nic nového k vašim půjčkám	
24 · Notifications	notifications.empty.rent.bookings.body	string	Confirmations, pickup and return times, and responses to your requests.	Potvrzení, časy vyzvednutí a vrácení a odpovědi na vaše žádosti.	
24 · Notifications	notifications.empty.rent.bookings.hint	string	Book something from Browse by Category to get started.	Začněte rezervací z Procházet podle kategorie.	
24 · Notifications	notifications.empty.rent.bookings.title	string	No booking updates	Žádné aktualizace rezervací	
24 · Notifications	notifications.empty.rent.messages.body	string	When an owner replies about an item you're renting, the chat lands here.	Když majitel odpoví k položce, kterou si půjčujete, chat se objeví tady.	
24 · Notifications	notifications.empty.rent.messages.title	string	No messages yet	Zatím žádné zprávy	
24 · Notifications	notifications.enable	string	Enable	Zapnout	
24 · Notifications	notifications.enabled	string	Enabled	Zapnuto	
24 · Notifications	notifications.enabling	string	Enabling…	Zapínám…	
24 · Notifications	notifications.filtersAria	string	Notification filters	Filtry oznámení	
24 · Notifications	notifications.inbox	string	Inbox	Doručené	
24 · Notifications	notifications.latestVersionPwa	string	You're on the latest version installed on this device.	Máte nejnovější verzi nainstalovanou na tomto zařízení.	
24 · Notifications	notifications.loading	string	Loading…	Načítám…	
24 · Notifications	notifications.markAsRead	string	Mark as read	Označit jako přečtené	
24 · Notifications	notifications.messagesSection	string	Messages	Zprávy	
24 · Notifications	notifications.modeFooter	string	Rent and Earn keep separate inboxes on this device. App updates appear here for both modes.	Režimy Půjčit a Vydělat mají na tomto zařízení oddělené schránky. Aktualizace aplikace se zobrazí v obou.	
24 · Notifications	notifications.modeHosting	string	Hosting	Hostování	
24 · Notifications	notifications.modeRenting	string	Renting	Půjčování	
24 · Notifications	notifications.notification	string	Notification	Oznámení	
24 · Notifications	notifications.noUpdateWaiting	string	No update waiting. Install the PWA from the same URL after a new build.	Žádná aktualizace nečeká. Po novém buildu nainstalujte PWA ze stejné URL.	
24 · Notifications	notifications.prefs.agentTips()	fn	Tips from {{1}}	Tipy od {{1}}	
24 · Notifications	notifications.prefs.agentTipsHint	string	Share prompts and next-step nudges after you list.	Výzvy ke sdílení a další kroky po vystavení.	
24 · Notifications	notifications.prefs.bookings	string	Booking updates	Aktualizace rezervací	
24 · Notifications	notifications.prefs.bookingsHint	string	Requests, approvals, pickup and return reminders.	Žádosti, schválení, připomínky vyzvednutí a vrácení.	
24 · Notifications	notifications.prefs.garagesYouFollow	string	Garages you follow	Garáže, které sledujete	
24 · Notifications	notifications.prefs.hint	string	Choose what reaches you — push when enabled above, in-app always.	Vyberte, co k vám dorazí — push po zapnutí výše, v aplikaci vždy.	
24 · Notifications	notifications.prefs.messages	string	Messages	Zprávy	
24 · Notifications	notifications.prefs.messagesHint	string	Chat from renters or owners about an item.	Chat od nájemců nebo majitelů o položce.	
24 · Notifications	notifications.prefs.newGaragesNearby	string	New garages nearby	Nové garáže poblíž	
24 · Notifications	notifications.prefs.newGaragesNearbyHint	string	When a neighbor opens a garage showcase on your block.	Když soused otevře vitrínu garáže na vašem bloku.	
24 · Notifications	notifications.prefs.newListings	string	New listings	Nové nabídky	
24 · Notifications	notifications.prefs.openGarageDay	string	Open garage day	Den otevřené garáže	
24 · Notifications	notifications.prefs.openGarageDays	string	Open garage days	Dny otevřené garáže	
24 · Notifications	notifications.prefs.openGarageDaysHint	string	Yard-sale style events from garages you follow.	Akce ve stylu blešího trhu od garáží, které sledujete.	
24 · Notifications	notifications.prefs.pushFooter	string	Push works after you tap Enable above and allow browser permission. On iPhone, open the installed Home Screen app first.	Push funguje po klepnutí na Zapnout výše a povolení v prohlížeči. Na iPhonu nejdřív otevřete nainstalovanou aplikaci z Domovské obrazovky.	
24 · Notifications	notifications.prefs.savedListings	string	Saved listings	Uložené nabídky	
24 · Notifications	notifications.prefs.savedListingsHint	string	Price changes or availability on favorites.	Změny ceny nebo dostupnosti u oblíbených.	
24 · Notifications	notifications.prefs.title	string	Notification settings	Nastavení oznámení	
24 · Notifications	notifications.previews.earn.bookingRequests.description	string	Someone wants to rent your item — approve, decline, or message them.	Někdo chce půjčit vaši věc — schvalte, odmítněte nebo napište.	
24 · Notifications	notifications.previews.earn.bookingRequests.title	string	Booking requests	Žádosti o půjčku	
24 · Notifications	notifications.previews.earn.listingEarnings.description	string	Listing status, views, pauses, and payout updates (when connected).	Stav nabídky, zobrazení, pozastavení a aktualizace výplat (po propojení).	
24 · Notifications	notifications.previews.earn.listingEarnings.title	string	Listing & earnings	Nabídky a výdělky	
24 · Notifications	notifications.previews.earn.pickupReturn.description	string	When a renter is coming, when gear is out, and when return is due.	Když nájemce přijde, když je věc venku a kdy je vrácení splatné.	
24 · Notifications	notifications.previews.earn.pickupReturn.title	string	Pickup & return	Vyzvednutí a vrácení	
24 · Notifications	notifications.previews.earn.renterMessages.description	string	Chat about timing, condition, and handoff for your listings.	Chat o čase, stavu a předání u vašich nabídek.	
24 · Notifications	notifications.previews.earn.renterMessages.title	string	Renter messages	Zprávy od nájemce	
24 · Notifications	notifications.previews.rent.ownerMessages.description	string	Questions, directions, and chat about the item you're borrowing.	Otázky, navigace a chat o položce, kterou si půjčujete.	
24 · Notifications	notifications.previews.rent.ownerMessages.title	string	Owner messages	Zprávy od majitele	
24 · Notifications	notifications.previews.rent.pickupReturn.description	string	Reminders before pickup, during the rental, and when it's time to return.	Připomínky před vyzvednutím, během půjčky a když je čas vrátit.	
24 · Notifications	notifications.previews.rent.pickupReturn.title	string	Pickup & return	Vyzvednutí a vrácení	
24 · Notifications	notifications.previews.rent.yourBookings.description	string	Confirmed, declined, or changed — for items you rent from neighbors.	Potvrzené, odmítnuté nebo změněné — u věcí, které si půjčujete od sousedů.	
24 · Notifications	notifications.previews.rent.yourBookings.title	string	Your bookings	Vaše rezervace	
24 · Notifications	notifications.previews.rent.yourRequests.description	string	When someone offers gear that matches what you posted looking for.	Když někdo nabídne vybavení, které odpovídá tomu, co hledáte.	
24 · Notifications	notifications.previews.rent.yourRequests.title	string	Your requests	Vaše žádosti	
24 · Notifications	notifications.pushBody	string	Booking updates, reminders, and messages — even when the app is closed.	Aktualizace rezervací, připomínky a zprávy — i když je aplikace zavřená.	
24 · Notifications	notifications.pushTitle	string	Push notifications	Push oznámení	
24 · Notifications	notifications.sectionAll	string	What appears in this inbox	Co se v této schránce objeví	
24 · Notifications	notifications.sectionBookings	string	Booking notifications include	Oznámení o rezervacích zahrnují	
24 · Notifications	notifications.sectionMessages	string	Message notifications include	Oznámení o zprávách zahrnují	
24 · Notifications	notifications.tabAll	string	All	Vše	
24 · Notifications	notifications.tabBookings	string	Bookings	Rezervace	
24 · Notifications	notifications.tabMessages	string	Messages	Zprávy	
24 · Notifications	notifications.title	string	Notifications	Oznámení	
24 · Notifications	notifications.updateFound	string	Update found — see the card below.	Aktualizace nalezena — viz kartu níže.	
24 · Notifications	notifications.updatesUnavailable	string	Updates are not available in this browser.	Aktualizace v tomto prohlížeči nejsou k dispozici.	
25 · Feedback	feedback.emailFallback()	fn	You can also email {{1}} anytime.	Kdykoli můžete také napsat na {{1}}.	
25 · Feedback	feedback.emailLabel	string	Email for a reply (optional)	E-mail pro odpověď (volitelné)	
25 · Feedback	feedback.emailPlaceholder	string	you@email.com	vy@email.com	
25 · Feedback	feedback.kindComplaint	string	Complaint	Stížnost	
25 · Feedback	feedback.kindHelp	string	Need help	Potřebuji pomoc	
25 · Feedback	feedback.kindIdea	string	Idea	Nápad	
25 · Feedback	feedback.kindOther	string	Other	Jiné	
25 · Feedback	feedback.messageLabel	string	What happened?	Co se stalo?	
25 · Feedback	feedback.messagePlaceholder	string	Describe the issue or idea in a few sentences…	Popište problém nebo nápad v pár větách…	
25 · Feedback	feedback.sendAnother	string	Send another	Poslat další	
25 · Feedback	feedback.sendFailed	string	Couldn’t send right now. Try again in a moment.	Teď se to nepodařilo odeslat. Zkuste to za chvíli.	
25 · Feedback	feedback.sending	string	Sending…	Odesílám…	
25 · Feedback	feedback.submit	string	Send to Evorios	Odeslat do Evorios	
25 · Feedback	feedback.subtitle	string	Stuck, found a bug, or have an idea? Tell us — it goes straight to the owner inbox.	Něco nefunguje, našli jste chybu, nebo máte nápad? Napište — půjde rovnou k majiteli.	
25 · Feedback	feedback.thanksBody	string	Your note is in the owner inbox. We’ll use it to fix and improve the platform.	Vaše zpráva je ve schránce majitele. Použijeme ji na opravy a vylepšení.	
25 · Feedback	feedback.thanksTitle	string	Got it — thank you	Díky — máme to	
25 · Feedback	feedback.title	string	Help & feedback	Pomoc a zpětná vazba	
25 · Feedback	feedback.tooShort	string	Please write a bit more so we can help.	Napište prosím víc, ať víme, jak pomoct.	
25 · Store review	reviewPrompt.blindHint	string	Blind review: neither side sees the other’s review until both are submitted.	Slepá recenze: ani jedna strana neuvidí recenzi druhé, dokud neodešlou obě.	
25 · Store review	reviewPrompt.comment	string	Comment	Komentář	
25 · Store review	reviewPrompt.placeholder	string	Quick note (optional)…	Krátká poznámka (volitelné)…	
25 · Store review	reviewPrompt.rating	string	Rating	Hodnocení	
25 · Store review	reviewPrompt.starsAria()	fn	{{1}} stars	{{1}} hvězd	
25 · Store review	reviewPrompt.submit	string	Submit review	Odeslat recenzi	
25 · Store review	reviewPrompt.tip	string	How was it? Takes 30 seconds	Jak to bylo? Zabere 30 sekund	
25 · Store review	reviewPrompt.title	string	Leave a review	Napsat recenzi	
26 · FAQ answers	faq.items.active-rental.a	string	More → Rentals, or the clipboard icon on Home. Open the booking for pickup window, messages, QR check-in, and return steps.	Účet → Půjčky, nebo ikona schránky na Domů. Otevřete rezervaci pro okno vyzvednutí, zprávy, QR check-in a kroky vrácení.	
26 · FAQ answers	faq.items.active-rental.q	string	Where is my active rental?	Kde je moje aktivní půjčka?	
26 · FAQ answers	faq.items.app-update.a	string	Evorios downloads updates in the background and installs them overnight around 2 AM on your phone (or the next time you open the app after that). You can also open Notifications (bell) and tap Update if you want it sooner. If the screen feels stuck after update, close and reopen the app.	Evorios stahuje aktualizace na pozadí a instaluje je přes noc kolem 2:00 (nebo při příštím otevření). Můžete také otevřít Oznámení (zvonek) a klepnout Aktualizovat dříve. Pokud se obrazovka po aktualizaci zasekne, aplikaci zavřete a znovu otevřete.	
26 · FAQ answers	faq.items.app-update.q	string	The app asked me to update — what should I do?	Aplikace chtěla aktualizaci — co mám udělat?	
26 · FAQ answers	faq.items.arkansas-rural.a	string	New blocks fill in as neighbors stock their garages. Use Search wider on Home (50+ mi), post a request, or list your own gear — early hosts get more visibility.	Nové bloky se plní, jak sousedé plní garáže. Použijte Hledat šířeji na Domů (cca 80+ km), pošlete poptávku, nebo vystavte vlastní věci — raní hostitelé mají větší viditelnost.	
26 · FAQ answers	faq.items.arkansas-rural.q	string	I'm in rural Arkansas — why so few listings?	Jsem na venkově — proč je tak málo nabídek?	
26 · FAQ answers	faq.items.availability-step5.a	string	Open My Garage → tap the listing:\n• Pause / Unpause hides or restores the item in browse without deleting it.\n• Edit availability times (weekdays / weekend) from the detail quick-edit or Full edit.\n• Delete permanently removes the listing from your garage and the server.	"Otevřete Moje garáž → klepněte na nabídku:
• Pozastavit / Obnovit skryje nebo vrátí věc do procházení bez smazání.
• Upravte časy dostupnosti (všední dny / víkend) z rychlé úpravy nebo Úplné úpravy.
• Smazat trvale odstraní nabídku z garáže i ze serveru."	
26 · FAQ answers	faq.items.availability-step5.q	string	How do I set availability or pause a listing?	Jak nastavím dostupnost nebo pozastavím nabídku?	
26 · FAQ answers	faq.items.book-item.a	string	Search on Home or browse the Feed, open an item, and request a booking. You'll authorize rental payment and any deposit hold separately. Track active rentals from the bookings icon on Home.	Hledejte na Domů nebo procházejte Feed, otevřete věc a požádejte o rezervaci. Autorizujete platbu za půjčení a případnou zálohu zvlášť. Aktivní půjčky sledujte z ikony rezervací na Domů.	
26 · FAQ answers	faq.items.book-item.q	string	How do I rent an item?	Jak si půjčím věc?	
26 · FAQ answers	faq.items.boost-listing.a	string	Clear photos, fair pricing, and complete availability help most. Paid boost (when available) highlights your item on the block feed.	Nejvíc pomohou jasné fotky, férová cena a kompletní dostupnost. Placený boost (když je k dispozici) zvýrazní věc ve feedu bloku.	
26 · FAQ answers	faq.items.boost-listing.q	string	How do I get more views?	Jak získám více zobrazení?	
26 · FAQ answers	faq.items.bottom-nav.a	string	Home = browse hub & categories. Mr. Evorios = help (FAQ + chat). Green + = stock a new item. Garage = your storefront & earnings. More = profile, rentals, favorites, and How Evorios works. There is no search lupa in the footer.	Domů = hub a kategorie. Mr. Evorios = nápověda (FAQ + chat). Zelené + = nová věc. Garáž = vaše výloha a výdělky. Účet = profil, půjčky, oblíbené a Jak funguje Evorios. V patičce není lupa.	
26 · FAQ answers	faq.items.bottom-nav.q	string	What do the bottom menu buttons do?	Co dělají tlačítka dolního menu?	
26 · FAQ answers	faq.items.cancel-booking.a	string	Open the rental in Rentals and choose Cancel if still before pickup. Refund rules follow the host policy and timing — see the booking summary.	Otevřete půjčku v Půjčky a zvolte Zrušit, pokud je ještě před vyzvednutím. Pravidla refundace závisí na politice hostitele a načasování — viz souhrn rezervace.	
26 · FAQ answers	faq.items.cancel-booking.q	string	How do I cancel a booking?	Jak zruším rezervaci?	
26 · FAQ answers	faq.items.categories-nav.a	string	Open Home → use the category chips on the browse hub, or on the feed strip under Rent/Buy. Tap a category in More → How Evorios works (or the intro screen) to expand household and pro subcategories. When listing with +, pick the same categories in the wizard. There is no magnifying-glass search in the footer.	Otevřete Domů → použijte čipy kategorií na hubu, nebo pás ve feedu pod Půjčit/Koupit. V Účet → Jak funguje Evorios (nebo úvod) klepněte na kategorii a rozbalte podkategorie. Při vystavení přes + vyberte stejné kategorie ve wizardu. V patičce není lupa.	
26 · FAQ answers	faq.items.categories-nav.q	string	How do I browse by category?	Jak procházím podle kategorie?	
26 · FAQ answers	faq.items.co-host.a	string	Profile → Co-hosts lets you invite someone to help manage your garage. They can respond to requests depending on permissions you set.	Profil → Spoluhostitelé umožní pozvat někoho, kdo pomůže spravovat garáž. Může odpovídat na žádosti podle oprávnění, která nastavíte.	
26 · FAQ answers	faq.items.co-host.q	string	Can I add a co-host?	Mohu přidat spoluhostitele?	
26 · FAQ answers	faq.items.deposit-release.a	string	After the host confirms return (or auto-release timer if no dispute). Holds are separate from the rental charge on your card statement.	Poté, co hostitel potvrdí vrácení (nebo po auto-uvolnění, pokud není spor). Zálohy jsou na výpisu karty oddělené od poplatku za půjčení.	
26 · FAQ answers	faq.items.deposit-release.q	string	When is my deposit released?	Kdy se uvolní moje záloha?	
26 · FAQ answers	faq.items.dispute.a	string	Document the issue with photos and messages in the app. For urgent safety issues contact local authorities first. Mr. Evorios can guide you on next in-app steps but cannot decide disputes alone.	Zaznamenejte problém fotkami a zprávami v aplikaci. Při naléhavém ohrožení bezpečnosti nejdřív kontaktujte místní úřady. Mr. Evorios vás provede dalšími kroky v aplikaci, ale spory sám nerozhoduje.	
26 · FAQ answers	faq.items.dispute.q	string	Something went wrong with a rental — what now?	S půjčkou se něco pokazilo — co teď?	
26 · FAQ answers	faq.items.edit-listing.a	string	Garage → tap the listing → use quick edits on the detail screen, or Full edit for photos and pricing. Pause and Delete are on the same Manage section.	Garáž → klepněte na nabídku → použijte rychlé úpravy na detailu, nebo Úplnou úpravu pro fotky a ceny. Pozastavit a Smazat jsou ve stejné sekci Správa.	
26 · FAQ answers	faq.items.edit-listing.q	string	How do I edit a published listing?	Jak upravím publikovanou nabídku?	
26 · FAQ answers	faq.items.extend-rental.a	string	If the host allows it, open the active rental and request more days before return. The host approves and pricing updates in the app.	Pokud to hostitel dovolí, otevřete aktivní půjčku a požádejte o další dny před vrácením. Hostitel schválí a cena se v aplikaci aktualizuje.	
26 · FAQ answers	faq.items.extend-rental.q	string	Can I extend a rental?	Mohu prodloužit půjčku?	
26 · FAQ answers	faq.items.favorites.a	string	More → Favorites saves listings you hearted. Tap any favorite to open the item and book again.	Účet → Oblíbené ukládá nabídky, které jste označili srdcem. Klepnutím otevřete věc a znovu rezervujete.	
26 · FAQ answers	faq.items.favorites.q	string	How do saved favorites work?	Jak fungují uložené oblíbené?	
26 · FAQ answers	faq.items.garage-tab.a	string	The Garage tab is your household storefront — active listings, booking requests, and stats. Settings (gear icon) opens your profile. Stock items anytime with the center + button.	Záložka Garáž je výloha vaší domácnosti — aktivní nabídky, žádosti o rezervaci a statistiky. Nastavení (ozubené kolo) otevře profil. Věci přidáte kdykoli středovým tlačítkem +.	
26 · FAQ answers	faq.items.garage-tab.q	string	What is the My Garage tab?	Co je záložka Moje garáž?	
26 · FAQ answers	faq.items.home-feed.a	string	Home opens the browse hub. Tap a category chip (Tools, Garden, Party…) or “Browse the block”, then filter All · Rent · Buy on the feed. There is no search magnifier in the footer — categories live on Home. Tap the center + to list from your garage.	Domů otevře hub procházení. Klepněte na čip kategorie (Nářadí, Zahrada, Párty…) nebo „Procházet blok“, pak filtrujte Vše · Půjčit · Koupit ve feedu. V patičce není lupa — kategorie jsou na Domů. Středové + vystaví věc z vaší garáže.	
26 · FAQ answers	faq.items.home-feed.q	string	How does Home work?	Jak funguje Domů?	
26 · FAQ answers	faq.items.host-payouts.a	string	Connect Stripe in Profile → payouts. Rental payouts land after successful return; platform fees are shown before you publish.	Připojte Stripe v Profil → výplaty. Výplaty z půjček přijdou po úspěšném vrácení; poplatky platformy jsou vidět před publikací.	
26 · FAQ answers	faq.items.host-payouts.q	string	How do hosts get paid?	Jak dostávají hostitelé peníze?	
26 · FAQ answers	faq.items.in-app-chat.a	string	Open More → Messages for all threads. For a rental: Rentals → open booking → Message. For a purchase: listing → message icon. Replies can send a push notification if the other person enabled push.	Otevřete Účet → Zprávy pro všechna vlákna. U půjčky: Půjčky → otevřete rezervaci → Zpráva. U nákupu: nabídka → ikona zprávy. Odpovědi mohou poslat push, pokud má druhá osoba push zapnuté.	
26 · FAQ answers	faq.items.in-app-chat.q	string	How do I message a neighbor in the app?	Jak napíšu sousedovi v aplikaci?	
26 · FAQ answers	faq.items.install-pwa.a	string	Tap Mr. Evorios in the bottom menu for install tips, or use Add to Home Screen. On iPhone: Share → Add to Home Screen. On Android: use the browser install prompt when it appears.	Klepněte na Mr. Evorios v dolním menu pro tipy k instalaci, nebo použijte Přidat na plochu. Na iPhonu: Sdílet → Přidat na plochu. Na Androidu: použijte výzvu prohlížeče k instalaci, když se objeví.	
26 · FAQ answers	faq.items.install-pwa.q	string	How do I install the app on my phone?	Jak nainstaluji aplikaci do telefonu?	
26 · FAQ answers	faq.items.list-first.a	string	Tap the green + in the footer (or Garage → New), then the fast wizard: 1) photos, 2) details & pricing (Rent / Sell), 3) review & publish. For rentals you may set up a QR sticker after publish. Want to give something away? Use Sell with price $0. Mr. Evorios helps on each step.	Klepněte na zelené + v patičce (nebo Garáž → Nové), pak rychlý wizard: 1) fotky, 2) detaily a cena (Půjčit / Prodat), 3) kontrola a publikace. U půjčování můžete po publikaci nastavit QR samolepku. Chcete něco darovat? Použijte Prodat s cenou 0 Kč. Mr. Evorios pomáhá v každém kroku.	
26 · FAQ answers	faq.items.list-first.q	string	How do I list my first item?	Jak vystavím první věc?	
26 · FAQ answers	faq.items.location-rent.a	string	We show garages and items in your cluster (25 mi by default). Set your block during onboarding or tap the location chip on Home. Rural or sparse? Tap Search wider for 50+ mi.	Ukazujeme garáže a věci ve vašem okolí (ve výchozím nastavení asi 40 km). Blok nastavíte při onboarding nebo klepnutím na lokalitu na Domů. Málo nabídek? Klepněte Hledat šířeji pro cca 80+ km.	
26 · FAQ answers	faq.items.location-rent.q	string	Why do I need to set my block?	Proč musím nastavit svůj blok?	
26 · FAQ answers	faq.items.more-menu.a	string	More holds your profile card, Rentals, Messages (in-app chat), Favorites, Notifications, My Garage shortcut, Earn dashboard, the interactive How Evorios works guide, and chat with Mr. Evorios.	Účet obsahuje kartu profilu, Půjčky, Zprávy (chat v aplikaci), Oblíbené, Oznámení, zkratku Moje garáž, přehled výdělků, interaktivního průvodce Jak funguje Evorios a chat s Mr. Evorios.	
26 · FAQ answers	faq.items.more-menu.q	string	What is in the More menu?	Co je v menu Účet?	
26 · FAQ answers	faq.items.mre-tab.a	string	Tap his tab in the footer. FAQ = instant answers (no AI cost). Chat checks FAQ first, then AI only if needed (answers are cached). Install tab helps add the app to your home screen.	Klepněte na jeho záložku v patičce. FAQ = okamžité odpovědi (bez nákladů na AI). Chat nejdřív zkontroluje FAQ, AI jen když je potřeba (odpovědi se cachují). Záložka Instalace pomůže přidat aplikaci na plochu.	
26 · FAQ answers	faq.items.mre-tab.q	string	How do I use Mr. Evorios?	Jak používám Mr. Evorios?	
26 · FAQ answers	faq.items.neighbor-garage.a	string	On Home switch to Garages lens, or tap a host card in the feed. You will see their storefront and active listings.	Na Domů přepněte na objektiv Garáže, nebo klepněte na kartu hostitele ve feedu. Uvidíte výlohu a aktivní nabídky.	
26 · FAQ answers	faq.items.neighbor-garage.q	string	How do I open a neighbor's garage?	Jak otevřu garáž souseda?	
26 · FAQ answers	faq.items.notifications.a	string	Tap the bell on Home. Tabs show All, Bookings, and Messages.	Klepněte na zvonek na Domů. Záložky ukazují Vše, Rezervace a Zprávy.	
26 · FAQ answers	faq.items.notifications.q	string	Where are my notifications?	Kde jsou moje oznámení?	
26 · FAQ answers	faq.items.offline.a	string	Browsing cached pages may work briefly, but booking, chat, and new search need internet. You will see an offline screen when there is no connection.	Procházení cachovaných stránek může chvíli fungovat, ale rezervace, chat a nové hledání potřebují internet. Bez připojení uvidíte offline obrazovku.	
26 · FAQ answers	faq.items.offline.q	string	Does Evorios work offline?	Funguje Evorios offline?	
26 · FAQ answers	faq.items.passkey.a	string	Passkeys let you sign in with Face ID / fingerprint instead of typing the email code each time. After first sign-in, the app may offer to set one up — optional but faster. Sign-in codes still come by email.	Passkey umožní přihlášení přes Face ID / otisk místo zadávání e-mailového kódu pokaždé. Po prvním přihlášení může aplikace nabídnout nastavení — volitelné, ale rychlejší. Přihlašovací kódy stále chodí e-mailem.	
26 · FAQ answers	faq.items.passkey.q	string	What is a passkey?	Co je passkey?	
26 · FAQ answers	faq.items.pause-listing.a	string	My Garage → open the listing → Pause listing. It disappears from browse instantly. Tap Unpause when you are ready again. Use Delete only if you want it gone forever.	Moje garáž → otevřete nabídku → Pozastavit nabídku. Okamžitě zmizí z procházení. Klepněte Obnovit, až budete připraveni. Smazat použijte jen když ji chcete pryč navždy.	
26 · FAQ answers	faq.items.pause-listing.q	string	How do I pause a listing?	Jak pozastavím nabídku?	
26 · FAQ answers	faq.items.payments.a	string	Rentals: pay the rental total, then a separate deposit protection hold if the host set a deposit. Payments run through Stripe — Evorios does not store your card. Hosts connect Stripe for payouts.	Půjčky: zaplatíte celkovou cenu půjčení, pak samostatnou zálohu (ochrana vkladu), pokud ji hostitel nastavil. Platby jdou přes Stripe — Evorios neukládá kartu. Hostitelé připojí Stripe pro výplaty. Měna odpovídá zemi, kde máte nastavený blok.	
26 · FAQ answers	faq.items.payments.q	string	How do payments work?	Jak fungují platby?	
26 · FAQ answers	faq.items.photos-ai.a	string	On step 1, when you continue, Mr. Evorios analyzes your photos and suggests title, category, condition, description, and estimated value. You can edit everything on step 2.	V kroku 1 při pokračování Mr. Evorios analyzuje fotky a navrhne název, kategorii, stav, popis a odhadovanou hodnotu. Vše můžete upravit v kroku 2.	
26 · FAQ answers	faq.items.photos-ai.q	string	What happens after I add photos?	Co se stane po přidání fotek?	
26 · FAQ answers	faq.items.pickup-delivery.a	string	New listings start with sensible neighborhood defaults (weekday porch hours). After publish, open the listing from My Garage → Full edit (or quick edits on the detail screen) to set in-person / contactless pickup and delivery miles & fees. Exact address is shared with a confirmed renter after booking.	Nové nabídky začínají s rozumnými sousedskými výchozími hodnotami (všední hodiny na verandě). Po publikaci otevřete nabídku z Moje garáž → Úplná úprava (nebo rychlé úpravy na detailu) a nastavte osobní / bezkontaktní vyzvednutí a kilometry a poplatky za doručení. Přesná adresa se sdílí s potvrzeným nájemcem po rezervaci.	
26 · FAQ answers	faq.items.pickup-delivery.q	string	How do pickup and delivery work?	Jak funguje vyzvednutí a doručení?	
26 · FAQ answers	faq.items.post-request.a	string	Post a request from the empty search result. Neighbors with the right gear can respond. No fake counts — we show real listings on your block as garages fill up.	Pošlete poptávku z prázdného výsledku hledání. Sousedé se správným vybavením mohou odpovědět. Žádné falešné počty — ukazujeme reálné nabídky na vašem bloku, jak se garáže plní.	
26 · FAQ answers	faq.items.post-request.q	string	Nothing shows up in search — what now?	Ve výsledcích nic není — co teď?	
26 · FAQ answers	faq.items.pricing-modes.a	string	On step 2 (Details & pricing) pick Rent and/or Sell. Only the fields for the modes you turn on are required. Sell-only listings skip the rental QR sticker. Price $0 on Sell = free giveaway (no separate Gift mode yet).	V kroku 2 (Detaily a cena) zapněte Půjčit a/nebo Prodat. Povinná jsou jen pole pro zapnuté režimy. Nabídky jen na prodej přeskočí QR samolepku. Cena 0 Kč u Prodat = darování zdarma (samostatný režim Darovat zatím není).	
26 · FAQ answers	faq.items.pricing-modes.q	string	Which pricing modes should I choose?	Jaké režimy ceny mám zvolit?	
26 · FAQ answers	faq.items.profile-vs-garage.a	string	Garage is for hosting: your listings, requests, and stats. Profile is your identity: name, photo, phone, payout setup, notifications prefs, and sign out.	Garáž je pro hostování: nabídky, žádosti a statistiky. Profil je vaše identita: jméno, fotka, telefon, výplaty, preference oznámení a odhlášení.	
26 · FAQ answers	faq.items.profile-vs-garage.q	string	Profile vs Garage — what is the difference?	Profil vs Garáž — jaký je rozdíl?	
26 · FAQ answers	faq.items.qr-sticker.a	string	For rentals, a QR links the physical item to your listing. Your listing goes live as soon as you publish — print stickers now, later, or in bulk from My Garage. At handoff, you confirm with the code first; the neighbor’s scan fully activates the rental.	U půjček QR propojí fyzickou věc s nabídkou. Nabídka jde živě hned po publikaci — nálepky vytisknete teď, později nebo hromadně z Garáže. Při předání nejdřív potvrdíte kódem vy; sken souseda půjčku plně aktivuje.	
26 · FAQ answers	faq.items.qr-sticker.q	string	Why do I need a QR sticker?	Proč potřebuji QR samolepku?	
26 · FAQ answers	faq.items.replacement-value.a	string	It is the cost to replace the item new today — used for deposit protection and rent eligibility. Use current retail price, not used price. AI suggests a value from your photos.	Je to cena nové náhrady dnes — používá se pro ochranu vkladu a způsobilost k půjčení. Zadejte aktuální maloobchodní cenu, ne cenu z druhé ruky. AI navrhne hodnotu z fotek.	
26 · FAQ answers	faq.items.replacement-value.q	string	What is replacement value?	Co je náhradní hodnota?	
26 · FAQ answers	faq.items.report-issue.a	string	Open the listing or rental thread → Report. For emergencies call local authorities first. Include photos and dates for damage claims.	Otevřete nabídku nebo vlákno půjčky → Nahlásit. Při nouzi nejdřív volejte místní úřady. U škod uveďte fotky a data.	
26 · FAQ answers	faq.items.report-issue.q	string	How do I report a user or listing?	Jak nahlásím uživatele nebo nabídku?	
26 · FAQ answers	faq.items.skip-onboarding.a	string	Yes — Skip on intro screens sends you to set your block, then straight to Home. You can finish location later from the location chip on Home.	Ano — Přeskočit na úvodních obrazovkách vás pošle nastavit blok a pak rovnou na Domů. Lokalitu můžete dokončit později z čipu lokality na Domů.	
26 · FAQ answers	faq.items.skip-onboarding.q	string	Can I skip onboarding?	Mohu přeskočit onboarding?	
26 · FAQ answers	faq.items.traveling-mode.a	string	During onboarding choose Traveling, or change location from the chip on Home. Pick destination city/ZIP — we show garages there, not your home block.	Při onboarding zvolte Cestování, nebo změňte lokalitu z čipu na Domů. Vyberte cílové město/PSČ — ukazujeme garáže tam, ne na vašem domácím bloku.	
26 · FAQ answers	faq.items.traveling-mode.q	string	I'm traveling — how do I browse another area?	Cestuji — jak prohlížím jinou oblast?	
26 · FAQ answers	faq.items.what-is.a	string	Evorios is a neighborhood marketplace: every household is a business cell — a garage storefront on the block. Neighbors rent, sell, or gift (Sell at $0). Browse categories on Home, or stock your garage with the green + button.	Evorios je sousedský trh: každá domácnost je obchodní buňka — garážová výloha na bloku. Sousedé půjčují, prodávají nebo darují (Prodat za 0 Kč). Procházejte kategorie na Domů, nebo naplňte garáž zeleným tlačítkem +.	
26 · FAQ answers	faq.items.what-is.q	string	What is Evorios?	Co je Evorios?	
26 · FAQ answers	faq.items.zip-only.a	string	No. City + ZIP (e.g. Hot Springs Village, AR 71909) is enough for browsing nearby garages. Exact address is only shared with a confirmed renter at handoff when you choose that pickup mode.	Ne. Město + PSČ (např. Praha 1, 110 00) stačí k procházení blízkých garáží. Přesná adresa se sdílí jen s potvrzeným nájemcem při předání, když zvolíte ten režim vyzvednutí.	
26 · FAQ answers	faq.items.zip-only.q	string	Do I need my exact street address?	Potřebuji přesnou uliční adresu?	
26 · FAQ answers	faq.panel.askAboutQuery()	fn	Ask {{1}} about this	Zeptat se {{1}} na toto	
26 · FAQ answers	faq.panel.askDefault()	fn	Didn't find an answer? Ask {{1}}	Nenašli jste odpověď? Zeptejte se {{1}}	
26 · FAQ answers	faq.panel.noMatchesBody()	fn	Try different words, or ask {{1}} directly.	Zkuste jiná slova, nebo se zeptejte přímo {{1}}.	
26 · FAQ answers	faq.panel.noMatchesTitle	string	No matches	Žádné výsledky	
26 · FAQ answers	faq.panel.searchAria	string	Search FAQ	Hledat v FAQ	
26 · FAQ answers	faq.panel.searchPlaceholder	string	Search help…	Hledat v nápovědě…	
26 · FAQ answers	faq.sections.account	string	Account	Účet	
26 · FAQ answers	faq.sections.gettingStarted	string	Getting started	Začínáme	
26 · FAQ answers	faq.sections.hosting	string	Hosting & listings	Hostování a nabídky	
26 · FAQ answers	faq.sections.location	string	Location	Lokalita	
26 · FAQ answers	faq.sections.navigation	string	Navigation	Navigace	
26 · FAQ answers	faq.sections.payments	string	Payments & safety	Platby a bezpečnost	
26 · FAQ answers	faq.sections.qrPickup	string	QR & pickup	QR a vyzvednutí	
26 · FAQ answers	faq.sections.renting	string	Renting	Půjčování	
27 · Categories · subcategory	category.Action Cameras	string	Action Cameras	Akční kamery	
27 · Categories · subcategory	category.Adaptive Bikes	string	Adaptive Bikes	Adaptivní kola	
27 · Categories · subcategory	category.Air Compressors	string	Air Compressors	Kompresory	
27 · Categories · subcategory	category.Amplifiers	string	Amplifiers	Zesilovače	
27 · Categories · subcategory	category.Animatronic Props	string	Animatronic Props	Animatronické rekvizity	
27 · Categories · subcategory	category.Art & Sculpture	string	Art & Sculpture	Umění a sochy	
27 · Categories · subcategory	category.ATVs	string	ATVs	Čtyřkolky	
27 · Categories · subcategory	category.Baby Carriers	string	Baby Carriers	Nosiče dětí	
27 · Categories · subcategory	category.Backpacks	string	Backpacks	Batohy	
27 · Categories · subcategory	category.Backyard & Outdoor	string	Backyard & Outdoor	Zahrada a outdoor	
27 · Categories · subcategory	category.Baking Equipment	string	Baking Equipment	Pečení	
27 · Categories · subcategory	category.Base Camp Equipment	string	Base Camp Equipment	Základnové vybavení	
27 · Categories · subcategory	category.Basic Lighting	string	Basic Lighting	Základní osvětlení	
27 · Categories · subcategory	category.Beverage Systems	string	Beverage Systems	Nápojové systémy	
27 · Categories · subcategory	category.Blenders & Juicers	string	Blenders & Juicers	Mixéry a odšťavňovače	
27 · Categories · subcategory	category.Boxing Equipment	string	Boxing Equipment	Boxerské vybavení	
27 · Categories · subcategory	category.Broadcast Equipment	string	Broadcast Equipment	Vysílací vybavení	
27 · Categories · subcategory	category.Broadcast Gear	string	Broadcast Gear	Vysílací technika	
27 · Categories · subcategory	category.Camera Kits	string	Camera Kits	Foto sety	
27 · Categories · subcategory	category.Camp Cooking	string	Camp Cooking	Kempové vaření	
27 · Categories · subcategory	category.Car Seats	string	Car Seats	Autosedačky	
27 · Categories · subcategory	category.Cardio Equipment	string	Cardio Equipment	Kardio vybavení	
27 · Categories · subcategory	category.Cargo Bikes	string	Cargo Bikes	Nákladní kola	
27 · Categories · subcategory	category.Cargo Vans	string	Cargo Vans	Dodávky	
27 · Categories · subcategory	category.Cars & Trucks	string	Cars & Trucks	Auta a náklaďáky	
27 · Categories · subcategory	category.Catering Equipment	string	Catering Equipment	Cateringové vybavení	
27 · Categories · subcategory	category.Character Costumes	string	Character Costumes	Kostýmy postav	
27 · Categories · subcategory	category.Charter Vessels	string	Charter Vessels	Charterové lodě	
27 · Categories · subcategory	category.Childcare Equipment	string	Childcare Equipment	Vybavení pro péči o děti	
27 · Categories · subcategory	category.Cinema Cameras	string	Cinema Cameras	Filmové kamery	
27 · Categories · subcategory	category.Cleaning Appliances	string	Cleaning Appliances	Úklidové spotřebiče	
27 · Categories · subcategory	category.Coaching Equipment	string	Coaching Equipment	Trenérské vybavení	
27 · Categories · subcategory	category.Coffee Makers	string	Coffee Makers	Kávovary	
27 · Categories · subcategory	category.Collectibles	string	Collectibles	Sbírkové předměty	
27 · Categories · subcategory	category.Commercial Coffee	string	Commercial Coffee	Komerční kávovary	
27 · Categories · subcategory	category.Commercial Copiers	string	Commercial Copiers	Komerční kopírky	
27 · Categories · subcategory	category.Commercial Fishing	string	Commercial Fishing	Komerční rybolov	
27 · Categories · subcategory	category.Commercial Play Equipment	string	Commercial Play Equipment	Komerční herní vybavení	
27 · Categories · subcategory	category.Commercial Space	string	Commercial Space	Komerční prostor	
27 · Categories · subcategory	category.Commercial Treadmills	string	Commercial Treadmills	Komerční běžecké pásy	
27 · Categories · subcategory	category.Commercial Trucks	string	Commercial Trucks	Užitkové náklaďáky	
27 · Categories · subcategory	category.Competition Gear	string	Competition Gear	Závodní vybavení	
27 · Categories · subcategory	category.Concrete Mixers	string	Concrete Mixers	Míchačky betonu	
27 · Categories · subcategory	category.Conference Systems	string	Conference Systems	Konferenční systémy	
27 · Categories · subcategory	category.Crane & Lifting	string	Crane & Lifting	Jeřáby a zvedání	
27 · Categories · subcategory	category.Cribs & Beds	string	Cribs & Beds	Postýlky a postele	
27 · Categories · subcategory	category.Cruisers	string	Cruisers	Cruisery	
27 · Categories · subcategory	category.Custom Builds	string	Custom Builds	Zakázkové stavby	
27 · Categories · subcategory	category.Display Systems	string	Display Systems	Zobrazovací systémy	
27 · Categories · subcategory	category.Dive Boats	string	Dive Boats	Potápěčské lodě	
27 · Categories · subcategory	category.Drones	string	Drones	Drony	
27 · Categories · subcategory	category.Drums	string	Drums	Bicí	
27 · Categories · subcategory	category.E-Bikes Pro	string	E-Bikes Pro	Pro e-kola	
27 · Categories · subcategory	category.Educational Tools	string	Educational Tools	Vzdělávací pomůcky	
27 · Categories · subcategory	category.Electric Scooters	string	Electric Scooters	Elektrické koloběžky	
27 · Categories · subcategory	category.Equipment Trailers	string	Equipment Trailers	Přívěsy na techniku	
27 · Categories · subcategory	category.Event Lighting	string	Event Lighting	Eventové osvětlení	
27 · Categories · subcategory	category.Event Venues	string	Event Venues	Eventové prostory	
27 · Categories · subcategory	category.Excavation Tools	string	Excavation Tools	Výkopové nářadí	
27 · Categories · subcategory	category.Expedition Tents	string	Expedition Tents	Expediční stany	
27 · Categories · subcategory	category.Film & TV Props	string	Film & TV Props	Filmové a TV rekvizity	
27 · Categories · subcategory	category.Fishing Boats	string	Fishing Boats	Rybářské lodě	
27 · Categories · subcategory	category.Fishing Gear	string	Fishing Gear	Rybářské vybavení	
27 · Categories · subcategory	category.Food Processors Pro	string	Food Processors Pro	Pro kuchyňské procesory	
27 · Categories · subcategory	category.Forklifts	string	Forklifts	Vysokozdvižné vozíky	
27 · Categories · subcategory	category.Formwork Basic	string	Formwork Basic	Základní bednění	
27 · Categories · subcategory	category.Free Weights	string	Free Weights	Volné váhy	
27 · Categories · subcategory	category.Full Character Suits	string	Full Character Suits	Celé kostýmy postav	
27 · Categories · subcategory	category.Games & Activities	string	Games & Activities	Hry a aktivity	
27 · Categories · subcategory	category.Gaming Gear	string	Gaming Gear	Herní vybavení	
27 · Categories · subcategory	category.Garages & Storage	string	Garages & Storage	Garáže a sklady	
27 · Categories · subcategory	category.Garden Tools	string	Garden Tools	Zahradní nářadí	
27 · Categories · subcategory	category.Generators	string	Generators	Generátory	
27 · Categories · subcategory	category.Group Activity Gear	string	Group Activity Gear	Skupinové aktivity	
27 · Categories · subcategory	category.Group Shelters	string	Group Shelters	Skupinové přístřešky	
27 · Categories · subcategory	category.Guitars & Bass	string	Guitars & Bass	Kytary a baskytary	
27 · Categories · subcategory	category.Halloween Costumes	string	Halloween Costumes	Halloweenské kostýmy	
27 · Categories · subcategory	category.Hand Tools	string	Hand Tools	Ruční nářadí	
27 · Categories · subcategory	category.Hand Tools Pro	string	Hand Tools Pro	Pro ruční nářadí	
27 · Categories · subcategory	category.Heavy Pumps	string	Heavy Pumps	Silná čerpadla	
27 · Categories · subcategory	category.Hobby Equipment	string	Hobby Equipment	Hobby vybavení	
27 · Categories · subcategory	category.Houseplants & Seedlings	string	Houseplants & Seedlings	Pokojovky a sazenice	
27 · Categories · subcategory	category.Hydraulic Equipment	string	Hydraulic Equipment	Hydraulické vybavení	
27 · Categories · subcategory	category.Industrial Compressors	string	Industrial Compressors	Průmyslové kompresory	
27 · Categories · subcategory	category.Industrial Drills	string	Industrial Drills	Průmyslové vrtačky	
27 · Categories · subcategory	category.Industrial Generators	string	Industrial Generators	Průmyslové generátory	
27 · Categories · subcategory	category.Industrial Mixers	string	Industrial Mixers	Průmyslové mixéry	
27 · Categories · subcategory	category.Industrial Oddities	string	Industrial Oddities	Průmyslové kuriozity	
27 · Categories · subcategory	category.Inflatable Boats	string	Inflatable Boats	Nafukovací lodě	
27 · Categories · subcategory	category.Irrigation Systems	string	Irrigation Systems	Zavlažovací systémy	
27 · Categories · subcategory	category.Jet Skis	string	Jet Skis	Vodní skútry	
27 · Categories · subcategory	category.Kayaks & Canoes	string	Kayaks & Canoes	Kajaky a kánoe	
27 · Categories · subcategory	category.Keyboards	string	Keyboards	Klávesy	
27 · Categories · subcategory	category.Kids Bikes	string	Kids Bikes	Dětská kola	
27 · Categories · subcategory	category.Ladders	string	Ladders	Žebříky	
27 · Categories · subcategory	category.Landscape Equipment	string	Landscape Equipment	Zahradní technika	
27 · Categories · subcategory	category.Laptops	string	Laptops	Notebooky	
27 · Categories · subcategory	category.Large Concrete Equipment	string	Large Concrete Equipment	Velká betonářská technika	
27 · Categories · subcategory	category.Large Format Printers	string	Large Format Printers	Velkoformátové tiskárny	
27 · Categories · subcategory	category.Laser Measuring	string	Laser Measuring	Laserové měření	
27 · Categories · subcategory	category.Lawn Mowers	string	Lawn Mowers	Sekačky	
27 · Categories · subcategory	category.Leaf Blowers	string	Leaf Blowers	Foukače listí	
27 · Categories · subcategory	category.Masks & Makeup	string	Masks & Makeup	Masky a makeup	
27 · Categories · subcategory	category.Measuring Tools	string	Measuring Tools	Měřicí nářadí	
27 · Categories · subcategory	category.Microphones	string	Microphones	Mikrofony	
27 · Categories · subcategory	category.Mixing Consoles	string	Mixing Consoles	Mixážní pulty	
27 · Categories · subcategory	category.Monitors & Displays	string	Monitors & Displays	Monitory a displeje	
27 · Categories · subcategory	category.Motorboats	string	Motorboats	Motorové lodě	
27 · Categories · subcategory	category.Motorcycles	string	Motorcycles	Motorky	
27 · Categories · subcategory	category.Mountain Bikes	string	Mountain Bikes	Horská kola	
27 · Categories · subcategory	category.Navigation & GPS	string	Navigation & GPS	Navigace a GPS	
27 · Categories · subcategory	category.Network Gear	string	Network Gear	Síťová technika	
27 · Categories · subcategory	category.Nursery Stock	string	Nursery Stock	Školkařský materiál	
27 · Categories · subcategory	category.Office Furniture	string	Office Furniture	Kancelářský nábytek	
27 · Categories · subcategory	category.Other	string	Other	Jiné	
27 · Categories · subcategory	category.PA Systems	string	PA Systems	PA systémy	
27 · Categories · subcategory	category.Painting Tools	string	Painting Tools	Malířské nářadí	
27 · Categories · subcategory	category.Parking Spots	string	Parking Spots	Parkovací místa	
27 · Categories · subcategory	category.Party Decor	string	Party Decor	Párty dekorace	
27 · Categories · subcategory	category.Perennials	string	Perennials	Trvalky	
27 · Categories · subcategory	category.Period Costumes	string	Period Costumes	Historické kostýmy	
27 · Categories · subcategory	category.Photo Booths	string	Photo Booths	Fotokoutky	
27 · Categories · subcategory	category.Pontoon Boats	string	Pontoon Boats	Pontony	
27 · Categories · subcategory	category.Portable Speakers	string	Portable Speakers	Přenosné reproduktory	
27 · Categories · subcategory	category.POS Systems	string	POS Systems	Pokladní systémy	
27 · Categories · subcategory	category.Power Drills	string	Power Drills	Aku vrtačky	
27 · Categories · subcategory	category.Power Saws	string	Power Saws	Elektrické pily	
27 · Categories · subcategory	category.Presentation Gear	string	Presentation Gear	Prezentační technika	
27 · Categories · subcategory	category.Pressure Washers	string	Pressure Washers	Vysokotlaké myčky	
27 · Categories · subcategory	category.Printers	string	Printers	Tiskárny	
27 · Categories · subcategory	category.Pro Audio	string	Pro Audio	Pro audio	
27 · Categories · subcategory	category.Pro Water Sports	string	Pro Water Sports	Pro vodní sporty	
27 · Categories · subcategory	category.Professional Formwork	string	Professional Formwork	Profesionální bednění	
27 · Categories · subcategory	category.Professional Lenses	string	Professional Lenses	Profesionální objektivy	
27 · Categories · subcategory	category.Professional Makeup Kits	string	Professional Makeup Kits	Profesionální makeup sety	
27 · Categories · subcategory	category.Professional Navigation	string	Professional Navigation	Profesionální navigace	
27 · Categories · subcategory	category.Professional Props	string	Professional Props	Profesionální rekvizity	
27 · Categories · subcategory	category.Professional Scooters	string	Professional Scooters	Profesionální koloběžky	
27 · Categories · subcategory	category.Projectors	string	Projectors	Projektory	
27 · Categories · subcategory	category.Pumps	string	Pumps	Čerpadla	
27 · Categories · subcategory	category.Racing Bikes	string	Racing Bikes	Závodní kola	
27 · Categories · subcategory	category.Racket Sports	string	Racket Sports	Raketové sporty	
27 · Categories · subcategory	category.Rare Instruments	string	Rare Instruments	Vzácné nástroje	
27 · Categories · subcategory	category.Recording Gear	string	Recording Gear	Nahrávací technika	
27 · Categories · subcategory	category.Recovery Tools	string	Recovery Tools	Regenerace	
27 · Categories · subcategory	category.Resistance Bands	string	Resistance Bands	Odporové gumy	
27 · Categories · subcategory	category.Retail Space	string	Retail Space	Obchodní prostor	
27 · Categories · subcategory	category.Ride-On Mowers	string	Ride-On Mowers	Zahradní traktory	
27 · Categories · subcategory	category.Road Bikes	string	Road Bikes	Silniční kola	
27 · Categories · subcategory	category.Rooms & Spaces	string	Rooms & Spaces	Pokoje a prostory	
27 · Categories · subcategory	category.RVs & Campers	string	RVs & Campers	Obytňáky a karavany	
27 · Categories · subcategory	category.Safety Equipment	string	Safety Equipment	Bezpečnostní vybavení	
27 · Categories · subcategory	category.Safety Systems	string	Safety Systems	Bezpečnostní systémy	
27 · Categories · subcategory	category.Scaffolding Systems	string	Scaffolding Systems	Lešení	
27 · Categories · subcategory	category.Seasonal Flowers	string	Seasonal Flowers	Sezónní květiny	
27 · Categories · subcategory	category.Seasonal Items	string	Seasonal Items	Sezónní věci	
27 · Categories · subcategory	category.Server Equipment	string	Server Equipment	Serverové vybavení	
27 · Categories · subcategory	category.Servers & Workstations	string	Servers & Workstations	Servery a pracovní stanice	
27 · Categories · subcategory	category.Serving Equipment	string	Serving Equipment	Servírovací vybavení	
27 · Categories · subcategory	category.Shared Offices	string	Shared Offices	Sdílené kanceláře	
27 · Categories · subcategory	category.Shrubs & Bushes	string	Shrubs & Bushes	Keře	
27 · Categories · subcategory	category.Site Lighting	string	Site Lighting	Staveništní osvětlení	
27 · Categories · subcategory	category.Skating	string	Skating	Bruslení	
27 · Categories · subcategory	category.Sleeping Bags	string	Sleeping Bags	Spacáky	
27 · Categories · subcategory	category.Smart Home Devices	string	Smart Home Devices	Chytrá domácnost	
27 · Categories · subcategory	category.Snow Sports	string	Snow Sports	Zimní sporty	
27 · Categories · subcategory	category.Sound Systems	string	Sound Systems	Ozvučení	
27 · Categories · subcategory	category.Speakers	string	Speakers	Reproduktory	
27 · Categories · subcategory	category.Special Vehicles	string	Special Vehicles	Speciální vozidla	
27 · Categories · subcategory	category.Specialty Equipment	string	Specialty Equipment	Specializované vybavení	
27 · Categories · subcategory	category.Sprinklers	string	Sprinklers	Zavlažovače	
27 · Categories · subcategory	category.Stabilizers & Rigs	string	Stabilizers & Rigs	Stabilizátory a rigy	
27 · Categories · subcategory	category.Stage & Risers	string	Stage & Risers	Pódia a stupínky	
27 · Categories · subcategory	category.Stand Mixers	string	Stand Mixers	Kuchyňské roboty	
27 · Categories · subcategory	category.Strollers	string	Strollers	Kočárky	
27 · Categories · subcategory	category.Structural Equipment	string	Structural Equipment	Konstrukční vybavení	
27 · Categories · subcategory	category.Studio Lighting	string	Studio Lighting	Studiové osvětlení	
27 · Categories · subcategory	category.Studio Monitors	string	Studio Monitors	Studiové monitory	
27 · Categories · subcategory	category.Studio Space	string	Studio Space	Studiový prostor	
27 · Categories · subcategory	category.Stump Grinders	string	Stump Grinders	Pařezové frézy	
27 · Categories · subcategory	category.SUP Boards	string	SUP Boards	SUP prkna	
27 · Categories · subcategory	category.Survival Gear	string	Survival Gear	Survival vybavení	
27 · Categories · subcategory	category.Tables & Chairs	string	Tables & Chairs	Stoly a židle	
27 · Categories · subcategory	category.Team Sports Gear	string	Team Sports Gear	Týmové sportovní vybavení	
27 · Categories · subcategory	category.Tents	string	Tents	Stany	
27 · Categories · subcategory	category.Tents & Canopies	string	Tents & Canopies	Stany a přístřešky	
27 · Categories · subcategory	category.Theater Costumes	string	Theater Costumes	Divadelní kostýmy	
27 · Categories · subcategory	category.Tillers & Cultivators	string	Tillers & Cultivators	Rotavátory a kultivátory	
27 · Categories · subcategory	category.Timing Systems	string	Timing Systems	Časomíry	
27 · Categories · subcategory	category.Tow Vehicles	string	Tow Vehicles	Tažná vozidla	
27 · Categories · subcategory	category.Toys & Games	string	Toys & Games	Hračky a hry	
27 · Categories · subcategory	category.Trailers	string	Trailers	Přívěsy	
27 · Categories · subcategory	category.Training Systems	string	Training Systems	Tréninkové systémy	
27 · Categories · subcategory	category.Trees	string	Trees	Stromy	
27 · Categories · subcategory	category.Trimmers	string	Trimmers	Křovinořezy	
27 · Categories · subcategory	category.Tripods & Mounts	string	Tripods & Mounts	Stativy a držáky	
27 · Categories · subcategory	category.Unusual Items	string	Unusual Items	Neobvyklé věci	
27 · Categories · subcategory	category.Warehouse & Storage	string	Warehouse & Storage	Sklad a úložný prostor	
27 · Categories · subcategory	category.Water Sports	string	Water Sports	Vodní sporty	
27 · Categories · subcategory	category.Webcams & Streaming	string	Webcams & Streaming	Webkamery a streaming	
27 · Categories · subcategory	category.Weight Machines	string	Weight Machines	Posilovací stroje	
27 · Categories · subcategory	category.Welding Equipment	string	Welding Equipment	Svářecí vybavení	
27 · Categories · subcategory	category.Wigs & Accessories	string	Wigs & Accessories	Paruky a doplňky	
27 · Categories · subcategory	category.Winches	string	Winches	Navijáky	
27 · Categories · subcategory	category.Yoga & Pilates	string	Yoga & Pilates	Jóga a pilates	
27 · Categories · top-level	category.Baby & Kids	string	Baby & Kids	Miminka a děti	
27 · Categories · top-level	category.Bikes & Scooters	string	Bikes & Scooters	Kola a koloběžky	
27 · Categories · top-level	category.Boats & Water	string	Boats & Water	Lodě a voda	
27 · Categories · top-level	category.Construction	string	Construction	Stavba	
27 · Categories · top-level	category.Costume & Cosplay	string	Costume & Cosplay	Kostýmy a cosplay	
27 · Categories · top-level	category.Electronics & Tech	string	Electronics & Tech	Elektronika a tech	
27 · Categories · top-level	category.Garden & Yard	string	Garden & Yard	Zahrada	
27 · Categories · top-level	category.Gym & Fitness	string	Gym & Fitness	Posilovna a fitness	
27 · Categories · top-level	category.Heavy Equipment	string	Heavy Equipment	Těžká technika	
27 · Categories · top-level	category.Home & Kitchen	string	Home & Kitchen	Domov a kuchyně	
27 · Categories · top-level	category.Music & Audio	string	Music & Audio	Hudba a audio	
27 · Categories · top-level	category.Office & Business	string	Office & Business	Kancelář a byznys	
27 · Categories · top-level	category.Outdoor & Camping	string	Outdoor & Camping	Outdoor a kempování	
27 · Categories · top-level	category.Party & Events	string	Party & Events	Párty a akce	
27 · Categories · top-level	category.Photo & Video	string	Photo & Video	Foto a video	
27 · Categories · top-level	category.Real Estate	string	Real Estate	Nemovitosti	
27 · Categories · top-level	category.Sports & Recreation	string	Sports & Recreation	Sport a rekreace	
27 · Categories · top-level	category.Tools & DIY	string	Tools & DIY	Nářadí a DIY	
27 · Categories · top-level	category.Unique & Other	string	Unique & Other	Unikátní a ostatní	
27 · Categories · top-level	category.Vehicles	string	Vehicles	Vozidla	
28 · SEO · rent landing meta	seo.meta.description.hub	string	Rent {{noun}} from neighbors on {{app}}. Find garage storefronts near you — or open yours and be first in your category.		
28 · SEO · rent landing meta	seo.meta.description.withPlace	string	Rent {{noun}} from neighbors in {{place}} on {{app}}. Browse local garage storefronts — or be the first to list {{noun}} on your block.		
28 · SEO · rent landing meta	seo.meta.h1.hub	string	Rent {{noun}} from neighbors		
28 · SEO · rent landing meta	seo.meta.h1.withPlace	string	Rent {{noun}} in {{place}}		
28 · SEO · rent landing meta	seo.meta.intro.hub	string	{{app}} is a neighborhood marketplace: every home is a business cell with a garage storefront. Browse {{noun}} near you, or stock your garage and earn when neighbors need them.		
28 · SEO · rent landing meta	seo.meta.intro.withPlace	string	{{app}} connects neighbors so you can borrow {{noun}} nearby instead of buying new. Meetups stay local — usually a short walk or drive on your block.		
28 · SEO · rent landing meta	seo.meta.title.hub	string	Rent {{noun}} from neighbors | {{app}}		
28 · SEO · rent landing meta	seo.meta.title.withPlace	string	Rent {{noun}} from neighbors in {{place}} | {{app}}		
28 · SEO · search nouns	seo.searchNoun.Baby & Kids	string	baby and kids gear		
28 · SEO · search nouns	seo.searchNoun.Bikes & Scooters	string	bikes and scooters		
28 · SEO · search nouns	seo.searchNoun.Boats & Water	string	boats and watercraft		
28 · SEO · search nouns	seo.searchNoun.Construction	string	construction equipment		
28 · SEO · search nouns	seo.searchNoun.Costume & Cosplay	string	costumes		
28 · SEO · search nouns	seo.searchNoun.Electronics & Tech	string	electronics		
28 · SEO · search nouns	seo.searchNoun.Garden & Yard	string	garden and yard gear		
28 · SEO · search nouns	seo.searchNoun.Gym & Fitness	string	fitness equipment		
28 · SEO · search nouns	seo.searchNoun.Heavy Equipment	string	heavy equipment		
28 · SEO · search nouns	seo.searchNoun.Home & Kitchen	string	home and kitchen items		
28 · SEO · search nouns	seo.searchNoun.Music & Audio	string	music and audio gear		
28 · SEO · search nouns	seo.searchNoun.Office & Business	string	office equipment		
28 · SEO · search nouns	seo.searchNoun.Outdoor & Camping	string	camping and outdoor gear		
28 · SEO · search nouns	seo.searchNoun.Party & Events	string	party and event gear		
28 · SEO · search nouns	seo.searchNoun.Photo & Video	string	cameras and video gear		
28 · SEO · search nouns	seo.searchNoun.Real Estate	string	spaces		
28 · SEO · search nouns	seo.searchNoun.Sports & Recreation	string	sports gear		
28 · SEO · search nouns	seo.searchNoun.Tools & DIY	string	tools		
28 · SEO · search nouns	seo.searchNoun.Unique & Other	string	unique items		
28 · SEO · search nouns	seo.searchNoun.Vehicles	string	vehicles		
29 · Hardcoded · rent landing	hard.rentLanding.allAreas	string	All areas		
29 · Hardcoded · rent landing	hard.rentLanding.availableNear	string	Available near {{place}}		
29 · Hardcoded · rent landing	hard.rentLanding.availableNearYou	string	Available near you		
29 · Hardcoded · rent landing	hard.rentLanding.bulletControl	string	You control price, availability, and handoff		
29 · Hardcoded · rent landing	hard.rentLanding.bulletPayments	string	Payments stay in-app — no cash meetups for tracked rentals		
29 · Hardcoded · rent landing	hard.rentLanding.bulletPhotos	string	Photos + category — takes a few minutes		
29 · Hardcoded · rent landing	hard.rentLanding.checking	string	Checking nearby garages…		
29 · Hardcoded · rent landing	hard.rentLanding.emptyBody	string	Nobody has stocked {{noun}}{{inPlace}} on {{app}} yet. That is demand waiting — list what you already own, set a fair daily rate, and neighbors can request pickup from your garage storefront.		
29 · Hardcoded · rent landing	hard.rentLanding.firstGaragePlace	string	Be the first to open a garage for {{noun}} in {{place}}		
29 · Hardcoded · rent landing	hard.rentLanding.firstListBlock	string	Be the first to list {{noun}} on your block		
29 · Hardcoded · rent landing	hard.rentLanding.how1	string	Browse a category near your block (or open your own garage).		
29 · Hardcoded · rent landing	hard.rentLanding.how2	string	Request dates, pay in-app, and agree on a local meetup.		
29 · Hardcoded · rent landing	hard.rentLanding.how3	string	Scan the item QR at pickup and return so both sides stay protected.		
29 · Hardcoded · rent landing	hard.rentLanding.howTitle	string	How neighbor rental works		
29 · Hardcoded · rent landing	hard.rentLanding.lookingToRent	string	Looking to rent instead?		
29 · Hardcoded · rent landing	hard.rentLanding.openBrowse	string	Open {{app}} and browse nearby		
29 · Hardcoded · rent landing	hard.rentLanding.openFullApp	string	Open the full app to book →		
29 · Hardcoded · rent landing	hard.rentLanding.openTerritory	string	Open territory		
29 · Hardcoded · rent landing	hard.rentLanding.soon	string	soon		
29 · Hardcoded · rent landing	hard.rentLanding.stockCta	string	Stock your garage →		
29 · Hardcoded · rent landing	hard.rentLanding.tagline	string	Neighborly marketplace · garage storefronts		
30 · Hardcoded · list offer (legacy)	hard.listItem.gift	string	GIFT		
30 · Hardcoded · list offer (legacy)	hard.listItem.giftBody	string	Free — no payment		
30 · Hardcoded · list offer (legacy)	hard.listItem.howOffer	string	How would you like to offer this?		
30 · Hardcoded · list offer (legacy)	hard.listItem.perDay	string	Per day		
30 · Hardcoded · list offer (legacy)	hard.listItem.perMonth	string	Per month		
30 · Hardcoded · list offer (legacy)	hard.listItem.perWeek	string	Per week		
30 · Hardcoded · list offer (legacy)	hard.listItem.priceNegotiable	string	Price is negotiable		
30 · Hardcoded · list offer (legacy)	hard.listItem.publish	string	Publish Listing		
30 · Hardcoded · list offer (legacy)	hard.listItem.rent	string	RENT		
30 · Hardcoded · list offer (legacy)	hard.listItem.rentBody	string	Let others rent for a daily, weekly, or monthly rate		
30 · Hardcoded · list offer (legacy)	hard.listItem.rentToOwn	string	RENT TO OWN		
30 · Hardcoded · list offer (legacy)	hard.listItem.rentToOwnBody	string	Monthly payments with ownership transfer		
30 · Hardcoded · list offer (legacy)	hard.listItem.selectOptions	string	Select one or more options		
30 · Hardcoded · list offer (legacy)	hard.listItem.sell	string	SELL		
30 · Hardcoded · list offer (legacy)	hard.listItem.sellBody	string	Offer your item for sale at a fixed or negotiable price		
30 · Hardcoded · list offer (legacy)	hard.listItem.shareReason	string	Share your reason...		
30 · Hardcoded · list offer (legacy)	hard.listItem.title	string	List Your Item		
31 · Hardcoded · payments & trust	hard.payments.claimDeposit	string	Claim deposit		
31 · Hardcoded · payments & trust	hard.payments.couldNotRelease	string	Could not release deposit		
31 · Hardcoded · payments & trust	hard.payments.depositReleased	string	Deposit hold released.		
31 · Hardcoded · payments & trust	hard.payments.paymentFailed	string	Payment failed		
31 · Hardcoded · payments & trust	hard.payments.payTotal	string	Pay {{total}}		
31 · Hardcoded · payments & trust	hard.payments.processing	string	Processing…		
31 · Hardcoded · payments & trust	hard.payments.releaseHold	string	Release hold		
31 · Hardcoded · payments & trust	hard.profile.addPhoto	string	Add profile photo		
31 · Hardcoded · payments & trust	hard.profile.cameraAccess	string	Camera access is needed to take a profile photo.		
31 · Hardcoded · payments & trust	hard.profile.changePhoto	string	Change profile photo		
31 · Hardcoded · payments & trust	hard.profile.takePhoto	string	Take profile photo		
31 · Hardcoded · payments & trust	hard.profile.yourPhoto	string	Your profile photo		
31 · Hardcoded · payments & trust	hard.trust.idVerified	string	ID Verified ✓		
31 · Hardcoded · payments & trust	hard.trust.idVerifiedShort	string	ID verified		
31 · Hardcoded · payments & trust	hard.trust.phoneVerified	string	Phone verified		
32 · Hardcoded · misc UI	hard.chat.aiOff	string	AI chat is off right now.		
32 · Hardcoded · misc UI	hard.chat.send	string	Send message		
32 · Hardcoded · misc UI	hard.chat.speak	string	Speak your question		
32 · Hardcoded · misc UI	hard.messages.listingChat	string	Listing chat		
32 · Hardcoded · misc UI	hard.messages.rentalChat	string	Rental chat		
32 · Hardcoded · misc UI	hard.nav.main	string	Main navigation		
32 · Hardcoded · misc UI	hard.nav.stockItem	string	Stock an item		
32 · Hardcoded · misc UI	hard.wizard.signInFromMore	string	Sign in from More → Profile, then try again.		
32 · Hardcoded · misc UI	hard.wizard.signInPublish	string	Sign in to publish your listing.		
33 · Hardcoded · Mr. Evorios local hints	hard.navHint[0].answer	string	Categories are on Home: chips on the browse hub and on the feed under Rent/Buy (Tools, Garden & Yard, Party…). Tap a category in More → How Evorios works to expand household and pro subcategories. There is no magnifying-glass search in the footer. When you list with +, pick a category in the wizard.		
33 · Hardcoded · Mr. Evorios local hints	hard.navHint[1].answer	string	Tap the green + in the footer to stock your garage. Follow the wizard: photos → item info → pricing → pickup → availability → QR → publish. Then open Garage to see your listings.		
33 · Hardcoded · Mr. Evorios local hints	hard.navHint[10].answer	string	Active and past rentals: More → Rentals, or the clipboard icon on Home. Open a rental for pickup details, messages, and return flow.		
33 · Hardcoded · Mr. Evorios local hints	hard.navHint[11].answer	string	Tap the green + in the footer to stock your garage. Follow the wizard: photos → item info → pricing → pickup → availability → QR → publish.		
33 · Hardcoded · Mr. Evorios local hints	hard.navHint[12].answer	string	Evorios is a neighborhood marketplace: each household is a business cell that can rent, sell, or gift from its garage. Open More → How Evorios works for the full tour, or Home for category chips.		
33 · Hardcoded · Mr. Evorios local hints	hard.navHint[2].answer	string	If taps do nothing, pull down to refresh once. Bottom menu: Home (browse + categories), Mr. Evorios (help), green + (list an item), Garage (your storefront), More (profile, rentals, How Evorios works). No search lupa in the footer.		
33 · Hardcoded · Mr. Evorios local hints	hard.navHint[3].answer	string	Tap Mr. Evorios in the bottom menu. Start with the FAQ tab for instant answers. Chat tries those answers first; AI is only used when nothing matches. For a guided tour open More → How Evorios works.		
33 · Hardcoded · Mr. Evorios local hints	hard.navHint[4].answer	string	Garage = your listings, requests, and earnings. Profile = your name, photo, phone, payouts, and sign-out. Open More → profile card, or Garage → gear for settings. Browse vs My Garage is a preference in Profile — same account.		
33 · Hardcoded · Mr. Evorios local hints	hard.navHint[5].answer	string	City + postal code is enough — we show nearby garages in your cluster. You do not need an exact street address. If results are thin, expand the distance filter on Home or post a request.	Stačí město + PSČ — ukazujeme blízké garáže ve vašem okolí. Přesnou ulici nepotřebujete. Málo nabídek? Rozšiřte vzdálenost na Domů nebo pošlete poptávku.	
33 · Hardcoded · Mr. Evorios local hints	hard.navHint[6].answer	string	On Home, open Filters to expand distance if the cluster is sparse. You can also post a request so neighbors with the item get notified. Browse by category chips first.	Na Domů otevřete filtry a rozšiřte vzdálenost, když je okolí prázdné. Můžete taky poslat poptávku — sousedé s věcí dostanou upozornění. Nejdřív zkuste kategorie.	
33 · Hardcoded · Mr. Evorios local hints	hard.navHint[7].answer	string	Rentals charge the rental total first, then a separate deposit hold if the host set one. The hold is released after a successful return unless damage is documented. See Payments & safety in FAQ for details.		
33 · Hardcoded · Mr. Evorios local hints	hard.navHint[8].answer	string	Sign in when booking, messaging, or listing. Enter email → sign-in code. Check spam. After sign-in you return to the screen you started from (e.g. booking or listing wizard).		
33 · Hardcoded · Mr. Evorios local hints	hard.navHint[9].answer	string	Open More → Favorites for saved listings. Tap a card to open the item again.		